id,user_id,question_id,favorite,flagged,shown,correct,wrong,skipped,mistake_count,updated_at,flagged_for_deletion,last_seen,deleted
209,4e48f266-e823-45bf-8bfa-c86fecc36f44,1778847294888-8,false,false,3,3,0,0,0,2026-05-17 09:50:38.901801+00,false,2026-05-17 09:55:32.586+00,false
210,4e48f266-e823-45bf-8bfa-c86fecc36f44,1778789460875-7,false,false,4,3,1,0,1,2026-05-17 09:50:38.943095+00,false,2026-05-17 12:23:33.773+00,false
211,4e48f266-e823-45bf-8bfa-c86fecc36f44,1778853566668-18,false,false,4,3,1,0,1,2026-05-17 09:50:38.956459+00,false,2026-05-17 12:22:45.481+00,false
212,4e48f266-e823-45bf-8bfa-c86fecc36f44,1778851080839-6,false,false,3,3,0,0,0,2026-05-17 09:50:38.961265+00,false,2026-05-17 09:55:32.582+00,false
213,4e48f266-e823-45bf-8bfa-c86fecc36f44,1778848736722-4,false,false,3,3,0,0,0,2026-05-17 09:50:38.966135+00,false,2026-05-17 09:55:32.506+00,false
214,4e48f266-e823-45bf-8bfa-c86fecc36f44,1778847477225-3,false,false,4,4,0,0,0,2026-05-17 09:50:38.944324+00,false,2026-07-04 17:25:21.57+00,false
215,4e48f266-e823-45bf-8bfa-c86fecc36f44,1778851069143-12,false,false,3,3,0,0,0,2026-05-17 09:50:38.876981+00,false,2026-05-17 09:55:32.531+00,false
218,4e48f266-e823-45bf-8bfa-c86fecc36f44,1778852926457-5,false,false,3,3,0,0,0,2026-05-17 09:50:38.954899+00,false,2026-05-17 09:55:32.574+00,false
219,4e48f266-e823-45bf-8bfa-c86fecc36f44,1778850920941-1,false,false,3,3,0,0,0,2026-05-17 09:50:38.943123+00,false,2026-05-17 09:55:32.534+00,false
220,4e48f266-e823-45bf-8bfa-c86fecc36f44,1778848747332-11,false,false,3,0,0,3,3,2026-05-17 09:50:38.974042+00,false,2026-05-17 09:55:32.553+00,false
221,4e48f266-e823-45bf-8bfa-c86fecc36f44,1778963783489-6,false,false,3,0,3,0,3,2026-05-17 09:50:38.976163+00,false,2026-05-17 09:55:32.555+00,false
222,4e48f266-e823-45bf-8bfa-c86fecc36f44,1778835788402-39,false,false,3,3,0,0,0,2026-05-17 09:50:38.973969+00,false,2026-05-17 09:55:32.58+00,false
223,4e48f266-e823-45bf-8bfa-c86fecc36f44,1778790458592-7,false,false,3,3,0,0,0,2026-05-17 09:50:38.976213+00,false,2026-05-17 09:55:32.546+00,false
224,4e48f266-e823-45bf-8bfa-c86fecc36f44,1778848747332-12,false,false,4,3,1,0,1,2026-05-17 09:50:38.982001+00,false,2026-05-17 12:22:45.464+00,false
225,4e48f266-e823-45bf-8bfa-c86fecc36f44,1778837350936-27,false,false,3,3,0,0,0,2026-05-17 09:50:38.989325+00,false,2026-05-17 09:55:32.564+00,false
226,4e48f266-e823-45bf-8bfa-c86fecc36f44,1778847571354-12,false,false,3,0,3,0,3,2026-05-17 09:50:38.991174+00,false,2026-05-17 09:55:32.512+00,false
227,4e48f266-e823-45bf-8bfa-c86fecc36f44,1778835792877-3,false,false,4,4,0,0,0,2026-05-17 09:50:38.991293+00,false,2026-07-09 09:39:44.17+00,false
228,4e48f266-e823-45bf-8bfa-c86fecc36f44,1778850920941-20,false,false,4,4,0,0,0,2026-05-17 09:50:38.984928+00,false,2026-05-20 11:54:39.111+00,false
229,4e48f266-e823-45bf-8bfa-c86fecc36f44,1778963767082-7,false,false,3,3,0,0,0,2026-05-17 09:50:38.992884+00,false,2026-05-17 09:55:32.562+00,false
231,4e48f266-e823-45bf-8bfa-c86fecc36f44,1778837350936-16,false,false,4,4,0,0,0,2026-05-17 09:50:38.993345+00,false,2026-07-04 17:25:21.531+00,false
232,4e48f266-e823-45bf-8bfa-c86fecc36f44,1778836917211-19,false,false,3,3,0,0,0,2026-05-17 09:50:38.993518+00,false,2026-05-17 09:55:32.57+00,false
233,4e48f266-e823-45bf-8bfa-c86fecc36f44,1778850305252-15,false,false,5,2,0,3,1,2026-05-17 09:50:38.985009+00,false,2026-05-18 21:50:50.983+00,false
234,4e48f266-e823-45bf-8bfa-c86fecc36f44,1778965316878-11,false,false,5,2,0,3,1,2026-05-17 09:50:38.997995+00,false,2026-07-07 14:46:08.606+00,false
235,4e48f266-e823-45bf-8bfa-c86fecc36f44,1778965316878-2,false,false,3,3,0,0,0,2026-05-17 09:50:39.00557+00,false,2026-05-17 09:55:32.548+00,false
242,4e48f266-e823-45bf-8bfa-c86fecc36f44,1778847477226-15,false,false,2,2,0,0,0,2026-05-17 09:51:57.586894+00,false,2026-05-17 09:55:32.588+00,false
300,4e48f266-e823-45bf-8bfa-c86fecc36f44,1778853432196-1,false,false,1,0,1,0,1,2026-05-17 09:56:59.073109+00,false,2026-05-17 09:56:58.092+00,false
301,4e48f266-e823-45bf-8bfa-c86fecc36f44,1778963791144-3,false,false,2,1,1,0,0,2026-05-17 09:56:59.073071+00,false,2026-07-09 09:39:44.053+00,false
302,4e48f266-e823-45bf-8bfa-c86fecc36f44,1778848643496-20,false,false,2,1,1,0,0,2026-05-17 09:56:59.073386+00,false,2026-07-02 16:23:09.539+00,false
305,4e48f266-e823-45bf-8bfa-c86fecc36f44,1778789460876-55,false,false,1,1,0,0,0,2026-05-17 12:09:20.859586+00,false,2026-05-17 12:09:20.416+00,false
306,4e48f266-e823-45bf-8bfa-c86fecc36f44,1778849659981-5,false,false,1,0,1,0,1,2026-05-17 12:17:05.167422+00,false,2026-05-17 12:17:04.342+00,false
307,4e48f266-e823-45bf-8bfa-c86fecc36f44,1778836982355-18,false,false,2,2,0,0,0,2026-05-17 12:17:05.16426+00,false,2026-05-17 12:22:45.461+00,false
308,4e48f266-e823-45bf-8bfa-c86fecc36f44,1778851069143-27,false,false,3,2,1,0,0,2026-05-17 12:17:05.164133+00,false,2026-05-19 19:52:51.7+00,false
309,4e48f266-e823-45bf-8bfa-c86fecc36f44,1778850186109-5,false,false,2,2,0,0,0,2026-05-17 12:17:05.164171+00,false,2026-05-18 13:29:05.638+00,false
310,4e48f266-e823-45bf-8bfa-c86fecc36f44,1778850503281-20,false,false,1,0,1,0,1,2026-05-17 12:17:05.164348+00,false,2026-05-17 12:17:04.334+00,false
311,4e48f266-e823-45bf-8bfa-c86fecc36f44,1778850305252-21,false,false,3,2,1,0,0,2026-05-17 12:17:05.164541+00,false,2026-07-05 15:07:36.495+00,false
312,4e48f266-e823-45bf-8bfa-c86fecc36f44,1778848839592-9,false,false,2,1,1,0,0,2026-05-17 12:17:05.165648+00,false,2026-07-05 15:07:36.253+00,false
314,4e48f266-e823-45bf-8bfa-c86fecc36f44,1778963791145-15,false,false,1,1,0,0,0,2026-05-17 12:17:05.167491+00,false,2026-05-17 12:17:04.355+00,false
315,4e48f266-e823-45bf-8bfa-c86fecc36f44,1778789460876-40,false,false,2,2,0,0,0,2026-05-17 12:17:05.164485+00,false,2026-05-19 19:52:51.575+00,false
316,4e48f266-e823-45bf-8bfa-c86fecc36f44,1778850180814-38,false,false,3,3,0,0,0,2026-05-17 12:17:05.250187+00,false,2026-07-09 09:39:44.101+00,false
317,4e48f266-e823-45bf-8bfa-c86fecc36f44,1778851069144-33,false,false,1,1,0,0,0,2026-05-17 12:17:05.249878+00,false,2026-05-17 12:17:04.3+00,false
318,4e48f266-e823-45bf-8bfa-c86fecc36f44,1778850668339-20,false,false,1,0,1,0,1,2026-05-17 12:17:05.249949+00,false,2026-05-17 12:17:04.283+00,false
319,4e48f266-e823-45bf-8bfa-c86fecc36f44,1778850668339-4,false,false,1,1,0,0,0,2026-05-17 12:17:05.250254+00,false,2026-05-17 12:17:04.337+00,false
320,4e48f266-e823-45bf-8bfa-c86fecc36f44,1778838531792-14,false,false,4,2,2,0,0,2026-05-17 12:17:05.249824+00,false,2026-07-12 14:19:16.421+00,false
321,4e48f266-e823-45bf-8bfa-c86fecc36f44,1778965316878-16,false,false,1,0,1,0,1,2026-05-17 12:17:05.255583+00,false,2026-05-17 12:17:04.276+00,false
322,4e48f266-e823-45bf-8bfa-c86fecc36f44,1778850180814-25,false,false,1,1,0,0,0,2026-05-17 12:17:05.250449+00,false,2026-05-17 12:17:04.265+00,false
323,4e48f266-e823-45bf-8bfa-c86fecc36f44,1778963783489-2,false,false,1,0,1,0,1,2026-05-17 12:17:05.255733+00,false,2026-05-17 12:17:04.293+00,false
324,4e48f266-e823-45bf-8bfa-c86fecc36f44,1778790958764-4,false,false,1,1,0,0,0,2026-05-17 12:17:05.257232+00,false,2026-05-17 12:17:04.339+00,false
325,4e48f266-e823-45bf-8bfa-c86fecc36f44,1778837350936-36,false,false,1,0,1,0,1,2026-05-17 12:17:05.249119+00,false,2026-05-17 12:17:04.231+00,false
326,4e48f266-e823-45bf-8bfa-c86fecc36f44,1778850668339-13,false,false,3,1,2,0,1,2026-05-17 12:17:05.255797+00,false,2026-05-18 21:50:51.122+00,false
327,4e48f266-e823-45bf-8bfa-c86fecc36f44,1778790466083-24,false,false,2,2,0,0,0,2026-05-17 12:17:05.263064+00,false,2026-05-17 12:23:33.811+00,false
328,4e48f266-e823-45bf-8bfa-c86fecc36f44,1778792120837-40,false,false,1,0,1,0,1,2026-05-17 12:17:05.26287+00,false,2026-05-17 12:17:04.279+00,true
329,4e48f266-e823-45bf-8bfa-c86fecc36f44,1778965316878-15,false,false,2,2,0,0,0,2026-05-17 12:17:05.267711+00,false,2026-05-18 13:29:05.597+00,false
330,4e48f266-e823-45bf-8bfa-c86fecc36f44,1778965490226-8,false,false,1,0,1,0,1,2026-05-17 12:17:05.276904+00,false,2026-05-17 12:17:04.273+00,false
331,4e48f266-e823-45bf-8bfa-c86fecc36f44,1778846227385-3,false,false,2,1,1,0,0,2026-05-17 12:17:05.263602+00,false,2026-05-19 19:52:51.525+00,false
332,4e48f266-e823-45bf-8bfa-c86fecc36f44,1778790466083-27,false,false,1,0,1,0,1,2026-05-17 12:17:05.276544+00,false,2026-05-17 12:17:04.287+00,false
333,4e48f266-e823-45bf-8bfa-c86fecc36f44,1778850930619-3,false,false,1,1,0,0,0,2026-05-17 12:17:05.277438+00,false,2026-05-17 12:17:04.366+00,false
335,4e48f266-e823-45bf-8bfa-c86fecc36f44,1778839295003-51,false,false,1,0,1,0,1,2026-05-17 12:17:05.282856+00,false,2026-05-17 12:17:04.312+00,false
336,4e48f266-e823-45bf-8bfa-c86fecc36f44,1778836081857-14,false,false,1,1,0,0,0,2026-05-17 12:17:05.282741+00,false,2026-05-17 12:17:04.361+00,false
338,4e48f266-e823-45bf-8bfa-c86fecc36f44,1778847716464-10,false,false,2,1,1,0,0,2026-05-17 12:17:05.287185+00,false,2026-07-12 14:19:16.303+00,false
339,4e48f266-e823-45bf-8bfa-c86fecc36f44,1778850503281-3,false,false,1,1,0,0,0,2026-05-17 12:17:05.293522+00,false,2026-05-17 12:17:04.352+00,false
340,4e48f266-e823-45bf-8bfa-c86fecc36f44,1778836917211-21,false,false,1,1,0,0,0,2026-05-17 12:17:05.293393+00,false,2026-05-17 12:17:04.247+00,true
342,4e48f266-e823-45bf-8bfa-c86fecc36f44,1778849659981-10,false,false,1,0,1,0,1,2026-05-17 12:17:05.294061+00,false,2026-05-17 12:17:04.253+00,false
343,4e48f266-e823-45bf-8bfa-c86fecc36f44,1778839295002-34,false,false,2,0,1,1,2,2026-05-17 12:17:05.287505+00,false,2026-05-18 08:45:38.56+00,true
344,4e48f266-e823-45bf-8bfa-c86fecc36f44,1778848949965-12,false,false,2,0,2,0,2,2026-05-17 12:17:05.327338+00,false,2026-05-18 19:23:22.634+00,false
345,4e48f266-e823-45bf-8bfa-c86fecc36f44,1778848833246-4,false,false,1,1,0,0,0,2026-05-17 12:17:05.262648+00,false,2026-05-17 12:17:04.358+00,false
346,4e48f266-e823-45bf-8bfa-c86fecc36f44,1778838531792-15,false,false,1,0,1,0,1,2026-05-17 12:22:27.213149+00,false,2026-05-17 12:22:45.452+00,false
348,4e48f266-e823-45bf-8bfa-c86fecc36f44,1778848643496-23,false,false,2,1,1,0,0,2026-05-17 12:22:45.862687+00,false,2026-05-18 21:50:51.114+00,true
349,4e48f266-e823-45bf-8bfa-c86fecc36f44,1778847294889-15,false,false,1,1,0,0,0,2026-05-17 12:22:45.858489+00,false,2026-05-17 12:22:45.421+00,false
350,4e48f266-e823-45bf-8bfa-c86fecc36f44,1778847477225-9,false,false,1,0,1,0,1,2026-05-17 12:22:45.941673+00,false,2026-05-17 12:22:45.489+00,false
351,4e48f266-e823-45bf-8bfa-c86fecc36f44,1778790466084-31,false,false,1,0,1,0,1,2026-05-17 12:22:45.941769+00,false,2026-05-17 12:22:45.418+00,false
352,4e48f266-e823-45bf-8bfa-c86fecc36f44,1778850920941-27,false,false,1,0,1,0,1,2026-05-17 12:22:45.94037+00,false,2026-05-17 12:22:45.479+00,false
353,4e48f266-e823-45bf-8bfa-c86fecc36f44,1778963783489-5,false,false,1,0,1,0,1,2026-05-17 12:22:45.940602+00,false,2026-05-17 12:22:45.395+00,false
355,4e48f266-e823-45bf-8bfa-c86fecc36f44,1778837350936-38,false,false,1,1,0,0,0,2026-05-17 12:22:45.968487+00,false,2026-05-17 12:22:45.477+00,false
356,4e48f266-e823-45bf-8bfa-c86fecc36f44,1778835792877-4,false,false,1,1,0,0,0,2026-05-17 12:22:45.944222+00,false,2026-05-17 12:22:45.415+00,false
357,4e48f266-e823-45bf-8bfa-c86fecc36f44,1778849285008-5,false,false,3,2,1,0,0,2026-05-17 12:22:45.948741+00,false,2026-07-09 09:39:44.047+00,false
358,4e48f266-e823-45bf-8bfa-c86fecc36f44,1778849659981-7,false,false,1,1,0,0,0,2026-05-17 12:22:45.940714+00,false,2026-05-17 12:22:45.386+00,false
359,4e48f266-e823-45bf-8bfa-c86fecc36f44,1778965490227-19,false,false,1,0,1,0,1,2026-05-17 12:22:45.977464+00,false,2026-05-17 12:22:45.454+00,false
360,4e48f266-e823-45bf-8bfa-c86fecc36f44,1778836982354-2,false,false,1,0,1,0,1,2026-05-17 12:22:45.948868+00,false,2026-05-17 12:22:45.456+00,false
361,4e48f266-e823-45bf-8bfa-c86fecc36f44,1778965490227-15,false,false,1,0,1,0,1,2026-05-17 12:22:45.973552+00,false,2026-05-17 12:22:45.426+00,false
362,4e48f266-e823-45bf-8bfa-c86fecc36f44,1778847477226-14,false,false,1,1,0,0,0,2026-05-17 12:22:45.980687+00,false,2026-05-17 12:22:45.423+00,false
363,4e48f266-e823-45bf-8bfa-c86fecc36f44,1778835792877-6,false,false,1,0,1,0,1,2026-05-17 12:22:46.004647+00,false,2026-05-17 12:22:45.486+00,false
364,4e48f266-e823-45bf-8bfa-c86fecc36f44,1778848949964-3,false,false,1,1,0,0,0,2026-05-17 12:22:46.006095+00,false,2026-05-17 12:22:45.484+00,false
366,4e48f266-e823-45bf-8bfa-c86fecc36f44,1778835788401-13,false,false,1,1,0,0,0,2026-05-17 12:22:46.006203+00,false,2026-05-17 12:22:45.45+00,false
367,4e48f266-e823-45bf-8bfa-c86fecc36f44,1778836917211-22,false,false,1,0,1,0,1,2026-05-17 12:22:46.013984+00,false,2026-05-17 12:22:45.475+00,false
368,4e48f266-e823-45bf-8bfa-c86fecc36f44,1778790466083-8,false,false,1,1,0,0,0,2026-05-17 12:22:46.006568+00,false,2026-05-17 12:22:45.391+00,false
369,4e48f266-e823-45bf-8bfa-c86fecc36f44,1778851069143-2,false,false,1,0,1,0,1,2026-05-17 12:22:46.019656+00,false,2026-05-17 12:22:45.404+00,false
370,4e48f266-e823-45bf-8bfa-c86fecc36f44,1778835788401-15,false,false,1,0,1,0,1,2026-05-17 12:22:46.021312+00,false,2026-05-17 12:22:45.441+00,true
371,4e48f266-e823-45bf-8bfa-c86fecc36f44,1778837350936-17,false,false,1,0,1,0,1,2026-05-17 12:22:46.020777+00,false,2026-05-17 12:22:45.432+00,false
372,4e48f266-e823-45bf-8bfa-c86fecc36f44,1778850920941-17,false,false,1,0,1,0,1,2026-05-17 12:22:46.023295+00,false,2026-05-17 12:22:45.407+00,false
373,4e48f266-e823-45bf-8bfa-c86fecc36f44,1778848648194-2,false,false,1,0,1,0,1,2026-05-17 12:22:46.029045+00,false,2026-05-17 12:22:45.4+00,false
376,4e48f266-e823-45bf-8bfa-c86fecc36f44,1778965483165-3,false,false,2,2,0,0,0,2026-05-17 12:22:46.029543+00,false,2026-05-18 08:45:38.627+00,false
377,4e48f266-e823-45bf-8bfa-c86fecc36f44,1778851069143-6,false,false,1,0,1,0,1,2026-05-17 12:22:46.031716+00,false,2026-05-17 12:22:45.412+00,false
378,4e48f266-e823-45bf-8bfa-c86fecc36f44,1778836982356-48,false,false,1,1,0,0,0,2026-05-17 12:22:46.034067+00,false,2026-05-17 12:22:45.429+00,false
379,4e48f266-e823-45bf-8bfa-c86fecc36f44,1778789460875-26,false,false,3,3,0,0,0,2026-05-17 12:22:46.037005+00,false,2026-07-12 14:19:16.466+00,false
381,4e48f266-e823-45bf-8bfa-c86fecc36f44,1778850305253-30,false,false,1,0,1,0,1,2026-05-17 12:22:46.042461+00,false,2026-05-17 12:22:45.468+00,false
382,4e48f266-e823-45bf-8bfa-c86fecc36f44,1778851069144-30,false,false,1,1,0,0,0,2026-05-17 12:22:46.041932+00,false,2026-05-17 12:22:45.47+00,false
384,4e48f266-e823-45bf-8bfa-c86fecc36f44,1778849659981-12,false,false,1,0,1,0,1,2026-05-17 12:22:46.049289+00,false,2026-05-17 12:22:45.443+00,false
385,4e48f266-e823-45bf-8bfa-c86fecc36f44,1778849659981-9,false,false,1,0,1,0,1,2026-05-17 12:22:46.041773+00,false,2026-05-17 12:22:45.446+00,false
386,4e48f266-e823-45bf-8bfa-c86fecc36f44,1778839295003-41,false,false,1,0,1,0,1,2026-05-17 12:22:46.036044+00,false,2026-05-17 12:22:45.472+00,false
387,4e48f266-e823-45bf-8bfa-c86fecc36f44,1778849285008-1,false,false,1,1,0,0,0,2026-05-17 12:22:46.052025+00,false,2026-05-17 12:22:45.436+00,false
388,4e48f266-e823-45bf-8bfa-c86fecc36f44,1778837357747-5,false,false,1,1,0,0,0,2026-05-17 12:23:34.051449+00,false,2026-05-17 12:23:33.744+00,false
389,4e48f266-e823-45bf-8bfa-c86fecc36f44,1778847294888-1,false,false,1,1,0,0,0,2026-05-17 12:23:34.054885+00,false,2026-05-17 12:23:33.797+00,false
390,4e48f266-e823-45bf-8bfa-c86fecc36f44,1778853581309-3,false,false,1,0,1,0,1,2026-05-17 12:23:34.058457+00,false,2026-05-17 12:23:33.76+00,false
391,4e48f266-e823-45bf-8bfa-c86fecc36f44,1778850180814-9,false,false,2,1,1,0,0,2026-05-17 12:23:34.132569+00,false,2026-05-19 19:52:51.687+00,false
392,4e48f266-e823-45bf-8bfa-c86fecc36f44,1778847294889-23,false,false,2,1,1,0,0,2026-05-17 12:23:34.121991+00,false,2026-07-07 14:46:08.587+00,false
393,4e48f266-e823-45bf-8bfa-c86fecc36f44,1778847727985-2,false,false,1,1,0,0,0,2026-05-17 12:23:34.054433+00,false,2026-05-17 12:23:33.813+00,false
394,4e48f266-e823-45bf-8bfa-c86fecc36f44,1778837350936-33,false,false,1,1,0,0,0,2026-05-17 12:23:34.088731+00,false,2026-05-17 12:23:33.753+00,false
396,4e48f266-e823-45bf-8bfa-c86fecc36f44,1778836982354-4,false,false,1,0,1,0,1,2026-05-17 12:23:34.147582+00,false,2026-05-17 12:23:33.818+00,false
398,4e48f266-e823-45bf-8bfa-c86fecc36f44,1778852921766-33,false,false,3,1,2,0,1,2026-05-17 12:23:34.154887+00,false,2026-05-18 19:23:22.671+00,false
399,4e48f266-e823-45bf-8bfa-c86fecc36f44,1778839295003-50,false,false,1,0,1,0,1,2026-05-17 12:23:34.158857+00,false,2026-05-17 12:23:33.803+00,false
400,4e48f266-e823-45bf-8bfa-c86fecc36f44,1778850180814-13,false,false,1,0,1,0,1,2026-05-17 12:23:34.163085+00,false,2026-05-17 12:23:33.832+00,false
401,4e48f266-e823-45bf-8bfa-c86fecc36f44,1778965316878-8,false,false,2,1,1,0,0,2026-05-17 12:23:34.156708+00,false,2026-05-18 08:45:38.61+00,false
402,4e48f266-e823-45bf-8bfa-c86fecc36f44,1778837350936-39,false,false,1,0,1,0,1,2026-05-17 12:23:34.165513+00,false,2026-05-17 12:23:33.767+00,false
404,4e48f266-e823-45bf-8bfa-c86fecc36f44,1778847571356-49,false,false,1,1,0,0,0,2026-05-17 12:23:34.799352+00,false,2026-05-17 12:23:33.792+00,false
406,4e48f266-e823-45bf-8bfa-c86fecc36f44,1778849279715-13,false,false,1,0,1,0,1,2026-05-17 12:23:34.799401+00,false,2026-05-17 12:23:33.83+00,false
407,4e48f266-e823-45bf-8bfa-c86fecc36f44,1778850668339-8,false,false,1,0,1,0,1,2026-05-17 12:23:34.815074+00,false,2026-05-17 12:23:33.842+00,false
408,4e48f266-e823-45bf-8bfa-c86fecc36f44,1778963791144-1,false,false,1,0,1,0,1,2026-05-17 12:23:34.849506+00,false,2026-05-17 12:23:33.784+00,false
409,4e48f266-e823-45bf-8bfa-c86fecc36f44,1778850668339-12,false,false,1,1,0,0,0,2026-05-17 12:23:34.850901+00,false,2026-05-17 12:23:33.737+00,false
411,4e48f266-e823-45bf-8bfa-c86fecc36f44,1778836917211-24,false,false,2,2,0,0,0,2026-05-17 12:23:34.817843+00,false,2026-05-18 13:29:05.566+00,false
412,4e48f266-e823-45bf-8bfa-c86fecc36f44,1778850503281-6,false,false,1,1,0,0,0,2026-05-17 12:23:34.818244+00,false,2026-05-17 12:23:33.749+00,false
414,4e48f266-e823-45bf-8bfa-c86fecc36f44,1778850668339-23,false,false,2,1,1,0,0,2026-05-17 12:23:34.8179+00,false,2026-05-17 14:53:41.778+00,false
415,4e48f266-e823-45bf-8bfa-c86fecc36f44,1778850305253-33,false,false,2,1,1,0,0,2026-05-17 12:23:34.862953+00,false,2026-07-09 09:39:44.086+00,false
416,4e48f266-e823-45bf-8bfa-c86fecc36f44,1778836922836-2,false,false,2,1,1,0,0,2026-05-17 12:23:34.863169+00,false,2026-07-04 20:21:35.005+00,false
417,4e48f266-e823-45bf-8bfa-c86fecc36f44,1778789460876-59,false,false,3,1,2,0,1,2026-05-17 12:23:34.851503+00,false,2026-06-30 16:29:37.298+00,false
418,4e48f266-e823-45bf-8bfa-c86fecc36f44,1778789460876-41,false,false,1,0,1,0,1,2026-05-17 12:23:34.875569+00,false,2026-05-17 12:23:33.827+00,false
419,4e48f266-e823-45bf-8bfa-c86fecc36f44,1778851069143-10,false,false,2,2,0,0,0,2026-05-17 12:23:34.879743+00,false,2026-05-18 13:29:05.587+00,false
420,4e48f266-e823-45bf-8bfa-c86fecc36f44,1778852921766-28,false,false,2,1,1,0,1,2026-05-17 12:23:34.876659+00,false,2026-05-18 19:23:22.606+00,false
421,4e48f266-e823-45bf-8bfa-c86fecc36f44,1778846227386-14,false,false,1,0,1,0,1,2026-05-17 12:23:34.882091+00,false,2026-05-17 12:23:33.84+00,false
422,4e48f266-e823-45bf-8bfa-c86fecc36f44,1778836917211-32,false,false,2,1,1,0,0,2026-05-17 12:23:34.883449+00,false,2026-07-09 09:39:44.091+00,false
423,4e48f266-e823-45bf-8bfa-c86fecc36f44,1778853562753-3,false,false,1,0,1,0,1,2026-05-17 12:23:34.88379+00,false,2026-05-17 12:23:33.799+00,false
424,4e48f266-e823-45bf-8bfa-c86fecc36f44,1778850668339-2,false,false,1,1,0,0,0,2026-05-17 12:23:34.883832+00,false,2026-05-17 12:23:33.77+00,false
425,4e48f266-e823-45bf-8bfa-c86fecc36f44,1778791002997-25,false,false,1,1,0,0,0,2026-05-17 12:23:34.882865+00,false,2026-05-17 12:23:33.808+00,false
427,4e48f266-e823-45bf-8bfa-c86fecc36f44,1778850180814-8,false,false,1,0,1,0,1,2026-05-17 12:23:34.885872+00,false,2026-05-17 12:23:33.835+00,false
429,4e48f266-e823-45bf-8bfa-c86fecc36f44,1779022110347-11,false,false,0,0,0,0,0,2026-05-17 12:49:58.119174+00,false,,true
430,4e48f266-e823-45bf-8bfa-c86fecc36f44,1779022110347-1,false,false,0,0,0,0,0,2026-05-17 12:49:58.119876+00,false,,true
431,4e48f266-e823-45bf-8bfa-c86fecc36f44,1779022110347-8,false,false,0,0,0,0,0,2026-05-17 12:49:58.133988+00,false,,true
432,4e48f266-e823-45bf-8bfa-c86fecc36f44,1779022110347-10,false,false,0,0,0,0,0,2026-05-17 12:49:58.132101+00,false,,true
433,4e48f266-e823-45bf-8bfa-c86fecc36f44,1779022110347-12,false,false,0,0,0,0,0,2026-05-17 12:49:58.141548+00,false,,true
434,4e48f266-e823-45bf-8bfa-c86fecc36f44,1779022110347-7,false,false,0,0,0,0,0,2026-05-17 12:49:58.153204+00,false,,true
435,4e48f266-e823-45bf-8bfa-c86fecc36f44,1779022110347-5,false,false,0,0,0,0,0,2026-05-17 12:49:58.156288+00,false,,true
436,4e48f266-e823-45bf-8bfa-c86fecc36f44,1779022110347-9,false,false,0,0,0,0,0,2026-05-17 12:49:58.165004+00,false,,true
437,4e48f266-e823-45bf-8bfa-c86fecc36f44,1779022110347-2,false,false,0,0,0,0,0,2026-05-17 12:49:58.168876+00,false,,true
438,4e48f266-e823-45bf-8bfa-c86fecc36f44,1779022110347-3,false,false,0,0,0,0,0,2026-05-17 12:49:58.16656+00,false,,true
439,4e48f266-e823-45bf-8bfa-c86fecc36f44,1779022110347-4,false,false,0,0,0,0,0,2026-05-17 12:49:58.168731+00,false,,true
440,4e48f266-e823-45bf-8bfa-c86fecc36f44,1779022110347-6,false,false,0,0,0,0,0,2026-05-17 12:49:58.173977+00,false,,true
441,4e48f266-e823-45bf-8bfa-c86fecc36f44,1778849279715-28,false,false,1,1,0,0,0,2026-05-17 14:40:24.669167+00,false,2026-05-17 14:53:41.825+00,true
442,4e48f266-e823-45bf-8bfa-c86fecc36f44,1778848747332-2,false,false,1,1,0,0,0,2026-05-17 14:45:24.21371+00,false,2026-05-17 14:53:41.856+00,true
443,4e48f266-e823-45bf-8bfa-c86fecc36f44,1778848747332-9,false,false,1,1,0,0,0,2026-05-17 14:46:08.044179+00,false,2026-05-17 14:53:41.86+00,false
445,4e48f266-e823-45bf-8bfa-c86fecc36f44,1778848949965-16,false,false,1,1,0,0,0,2026-05-17 14:47:55.432436+00,false,2026-05-17 14:53:41.869+00,true
446,4e48f266-e823-45bf-8bfa-c86fecc36f44,1778848949964-2,false,false,1,1,0,0,0,2026-05-17 14:50:34.991546+00,false,2026-05-17 14:53:41.884+00,true
447,4e48f266-e823-45bf-8bfa-c86fecc36f44,1778848839592-15,false,false,1,1,0,0,0,2026-05-17 14:53:42.499546+00,false,2026-05-17 14:53:41.847+00,false
449,4e48f266-e823-45bf-8bfa-c86fecc36f44,1778850503281-31,false,false,1,1,0,0,0,2026-05-17 14:53:42.525844+00,false,2026-05-17 14:53:41.797+00,false
451,4e48f266-e823-45bf-8bfa-c86fecc36f44,1779023235908-30,false,false,1,1,0,0,0,2026-05-17 14:53:42.499903+00,false,2026-05-17 14:53:41.872+00,false
452,4e48f266-e823-45bf-8bfa-c86fecc36f44,1778848949965-18,false,false,2,2,0,0,0,2026-05-17 14:53:42.499387+00,false,2026-05-18 19:23:22.686+00,false
453,4e48f266-e823-45bf-8bfa-c86fecc36f44,1778850930619-6,false,false,1,1,0,0,0,2026-05-17 14:53:42.544371+00,false,2026-05-17 14:53:41.909+00,false
455,4e48f266-e823-45bf-8bfa-c86fecc36f44,1778850305252-11,false,false,1,1,0,0,0,2026-05-17 14:53:42.566239+00,false,2026-05-17 14:53:41.866+00,false
456,4e48f266-e823-45bf-8bfa-c86fecc36f44,1778850668339-22,false,false,1,1,0,0,0,2026-05-17 14:53:42.499408+00,false,2026-05-17 14:53:41.9+00,false
457,4e48f266-e823-45bf-8bfa-c86fecc36f44,1778850503281-16,false,false,1,0,1,0,1,2026-05-17 14:53:42.562947+00,false,2026-05-17 14:53:41.814+00,false
458,4e48f266-e823-45bf-8bfa-c86fecc36f44,1778852216356-35,false,false,1,1,0,0,0,2026-05-17 14:53:42.571037+00,false,2026-05-17 14:53:41.916+00,false
459,4e48f266-e823-45bf-8bfa-c86fecc36f44,1778850503281-4,false,false,1,1,0,0,0,2026-05-17 14:53:42.606572+00,false,2026-05-17 14:53:41.881+00,false
460,4e48f266-e823-45bf-8bfa-c86fecc36f44,1778850186109-6,false,false,1,1,0,0,0,2026-05-17 14:53:42.544946+00,false,2026-05-17 14:53:41.801+00,false
461,4e48f266-e823-45bf-8bfa-c86fecc36f44,1779023235907-1,false,false,1,1,0,0,0,2026-05-17 14:53:42.567646+00,false,2026-05-17 14:53:41.818+00,false
462,4e48f266-e823-45bf-8bfa-c86fecc36f44,1779021712500-1,false,false,2,1,1,0,1,2026-05-17 14:53:42.510651+00,false,2026-07-05 15:07:36.348+00,false
463,4e48f266-e823-45bf-8bfa-c86fecc36f44,1778850920941-15,false,false,2,2,0,0,0,2026-05-17 14:53:42.609669+00,false,2026-05-18 21:50:50.96+00,false
464,4e48f266-e823-45bf-8bfa-c86fecc36f44,1778852661754-20,false,false,1,1,0,0,0,2026-05-17 14:53:42.610321+00,false,2026-05-17 14:53:41.89+00,false
466,4e48f266-e823-45bf-8bfa-c86fecc36f44,1778965490227-20,false,false,1,1,0,0,0,2026-05-17 14:53:42.609939+00,false,2026-05-17 14:53:41.906+00,false
468,4e48f266-e823-45bf-8bfa-c86fecc36f44,1778847473185-2,false,false,1,1,0,0,0,2026-05-17 14:53:42.62445+00,false,2026-05-17 14:53:41.887+00,false
469,4e48f266-e823-45bf-8bfa-c86fecc36f44,1778790778767-21,false,false,1,1,0,0,0,2026-05-17 14:53:42.624107+00,false,2026-05-17 14:53:41.841+00,false
470,4e48f266-e823-45bf-8bfa-c86fecc36f44,1778786034500-1,false,false,2,2,0,0,0,2026-05-17 14:53:42.616325+00,false,2026-05-18 08:45:38.633+00,false
471,4e48f266-e823-45bf-8bfa-c86fecc36f44,1778850513017-5,false,false,1,1,0,0,0,2026-05-17 14:53:42.632746+00,false,2026-05-17 14:53:41.903+00,false
472,4e48f266-e823-45bf-8bfa-c86fecc36f44,1778790466083-26,false,false,1,1,0,0,0,2026-05-17 14:53:42.628419+00,false,2026-05-17 14:53:41.838+00,false
473,4e48f266-e823-45bf-8bfa-c86fecc36f44,1779023235908-21,false,false,1,1,0,0,0,2026-05-17 14:53:42.632926+00,false,2026-05-17 14:53:41.786+00,false
474,4e48f266-e823-45bf-8bfa-c86fecc36f44,1778850503281-23,false,false,1,1,0,0,0,2026-05-17 14:53:42.633714+00,false,2026-05-17 14:53:41.828+00,false
475,4e48f266-e823-45bf-8bfa-c86fecc36f44,1778848648194-8,false,false,1,1,0,0,0,2026-05-17 14:53:42.64368+00,false,2026-05-17 14:53:41.792+00,false
476,4e48f266-e823-45bf-8bfa-c86fecc36f44,1778847571354-5,false,false,1,1,0,0,0,2026-05-17 14:53:42.637831+00,false,2026-05-17 14:53:41.897+00,false
479,4e48f266-e823-45bf-8bfa-c86fecc36f44,1778848949965-20,false,false,1,1,0,0,0,2026-05-17 14:53:42.661553+00,false,2026-05-17 14:53:41.85+00,false
480,4e48f266-e823-45bf-8bfa-c86fecc36f44,1778852661754-1,false,false,1,0,1,0,1,2026-05-17 14:53:42.64988+00,false,2026-05-17 14:53:41.806+00,false
481,4e48f266-e823-45bf-8bfa-c86fecc36f44,1778846227386-13,false,false,1,1,0,0,0,2026-05-17 14:53:42.66425+00,false,2026-05-17 14:53:41.853+00,false
482,4e48f266-e823-45bf-8bfa-c86fecc36f44,1778836982355-32,false,false,1,1,0,0,0,2026-05-17 14:53:42.65421+00,false,2026-05-17 14:53:41.893+00,false
484,4e48f266-e823-45bf-8bfa-c86fecc36f44,1778853432197-19,false,false,1,1,0,0,0,2026-05-17 14:53:42.692246+00,false,2026-05-17 14:53:41.878+00,false
485,4e48f266-e823-45bf-8bfa-c86fecc36f44,1778848839592-14,false,false,2,1,1,0,1,2026-05-17 14:53:42.682059+00,false,2026-05-18 13:36:58.185+00,false
486,4e48f266-e823-45bf-8bfa-c86fecc36f44,1778790466084-41,false,false,1,1,0,0,0,2026-05-17 14:53:42.692257+00,false,2026-05-17 14:53:41.81+00,false
492,4e48f266-e823-45bf-8bfa-c86fecc36f44,1778838531792-2,false,false,1,1,0,0,0,2026-05-18 08:33:44.145134+00,false,2026-05-18 08:45:38.577+00,true
493,4e48f266-e823-45bf-8bfa-c86fecc36f44,1778847266275-4,false,false,1,1,0,0,0,2026-05-18 08:36:32.2925+00,false,2026-05-18 08:45:38.589+00,false
495,4e48f266-e823-45bf-8bfa-c86fecc36f44,1778849279715-15,false,false,1,0,0,1,1,2026-05-18 08:39:31.656268+00,false,2026-05-18 08:45:38.608+00,true
496,4e48f266-e823-45bf-8bfa-c86fecc36f44,1778849659981-16,false,false,1,1,0,0,0,2026-05-18 08:40:35.652441+00,false,2026-05-18 08:45:38.614+00,true
497,4e48f266-e823-45bf-8bfa-c86fecc36f44,1778847477226-11,false,false,1,0,0,1,1,2026-05-18 08:45:18.411622+00,false,2026-05-18 08:45:38.656+00,true
498,4e48f266-e823-45bf-8bfa-c86fecc36f44,1778850305252-25,false,false,3,3,0,0,0,2026-05-18 08:45:38.771397+00,false,2026-05-18 19:23:22.52+00,false
499,4e48f266-e823-45bf-8bfa-c86fecc36f44,1778847716464-16,false,false,1,1,0,0,0,2026-05-18 08:45:38.840513+00,false,2026-05-18 08:45:38.547+00,false
500,4e48f266-e823-45bf-8bfa-c86fecc36f44,1778791002997-22,false,false,2,2,0,0,0,2026-05-18 08:45:38.864554+00,false,2026-07-04 17:25:21.546+00,false
501,4e48f266-e823-45bf-8bfa-c86fecc36f44,1779024543279-41,false,false,1,1,0,0,0,2026-05-18 08:45:38.881339+00,false,2026-05-18 08:45:38.527+00,false
502,4e48f266-e823-45bf-8bfa-c86fecc36f44,1778965490227-22,false,false,2,2,0,0,0,2026-05-18 08:45:38.897489+00,false,2026-05-18 13:29:05.573+00,false
503,4e48f266-e823-45bf-8bfa-c86fecc36f44,1778836982356-44,false,false,1,1,0,0,0,2026-05-18 08:45:38.904421+00,false,2026-05-18 08:45:38.543+00,false
504,4e48f266-e823-45bf-8bfa-c86fecc36f44,1778789460875-25,false,false,1,1,0,0,0,2026-05-18 08:45:38.933357+00,false,2026-05-18 08:45:38.552+00,false
505,4e48f266-e823-45bf-8bfa-c86fecc36f44,1778851069143-19,false,false,2,2,0,0,0,2026-05-18 08:45:38.941758+00,false,2026-07-05 15:07:36.134+00,false
507,4e48f266-e823-45bf-8bfa-c86fecc36f44,1778850310871-7,false,false,1,1,0,0,0,2026-05-18 08:45:38.958736+00,false,2026-05-18 08:45:38.605+00,false
512,4e48f266-e823-45bf-8bfa-c86fecc36f44,1778850305252-4,false,false,1,1,0,0,0,2026-05-18 08:45:39.007226+00,false,2026-05-18 08:45:38.63+00,false
513,4e48f266-e823-45bf-8bfa-c86fecc36f44,1778850677570-1,false,false,1,1,0,0,0,2026-05-18 08:45:39.005999+00,false,2026-05-18 08:45:38.583+00,false
514,4e48f266-e823-45bf-8bfa-c86fecc36f44,1778848643496-18,false,false,1,1,0,0,0,2026-05-18 08:45:39.015619+00,false,2026-05-18 08:45:38.58+00,false
516,4e48f266-e823-45bf-8bfa-c86fecc36f44,1778851069143-22,false,false,1,1,0,0,0,2026-05-18 08:45:39.025234+00,false,2026-05-18 08:45:38.621+00,false
518,4e48f266-e823-45bf-8bfa-c86fecc36f44,1778853566668-16,false,false,1,1,0,0,0,2026-05-18 08:45:39.022306+00,false,2026-05-18 08:45:38.66+00,false
519,4e48f266-e823-45bf-8bfa-c86fecc36f44,1779022222877-5,false,false,1,1,0,0,0,2026-05-18 08:45:39.070651+00,false,2026-05-18 08:45:38.601+00,false
520,4e48f266-e823-45bf-8bfa-c86fecc36f44,1779021729283-14,false,false,1,1,0,0,0,2026-05-18 08:45:39.077494+00,false,2026-05-18 08:45:38.57+00,false
521,4e48f266-e823-45bf-8bfa-c86fecc36f44,1778846227385-2,false,false,1,1,0,0,0,2026-05-18 08:45:39.03626+00,false,2026-05-18 08:45:38.65+00,false
522,4e48f266-e823-45bf-8bfa-c86fecc36f44,1778839295003-62,false,false,1,1,0,0,0,2026-05-18 08:45:39.085363+00,false,2026-05-18 08:45:38.598+00,false
523,4e48f266-e823-45bf-8bfa-c86fecc36f44,1778850503281-1,false,false,2,2,0,0,0,2026-05-18 08:45:39.088529+00,false,2026-05-22 13:19:48.671+00,false
524,4e48f266-e823-45bf-8bfa-c86fecc36f44,1778839295003-70,false,false,1,0,1,0,1,2026-05-18 08:45:39.08371+00,false,2026-05-18 08:45:38.586+00,false
525,4e48f266-e823-45bf-8bfa-c86fecc36f44,1779023235908-87,false,false,1,1,0,0,0,2026-05-18 08:45:39.083644+00,false,2026-05-18 08:45:38.624+00,false
526,4e48f266-e823-45bf-8bfa-c86fecc36f44,1778847294888-6,false,false,1,1,0,0,0,2026-05-18 08:45:39.086124+00,false,2026-05-18 08:45:38.653+00,false
527,4e48f266-e823-45bf-8bfa-c86fecc36f44,1778837350936-25,false,false,1,0,1,0,1,2026-05-18 08:45:39.096375+00,false,2026-05-18 08:45:38.617+00,false
528,4e48f266-e823-45bf-8bfa-c86fecc36f44,1778848643496-10,false,false,2,1,1,0,1,2026-05-18 08:45:39.10283+00,false,2026-05-18 19:23:22.525+00,false
530,4e48f266-e823-45bf-8bfa-c86fecc36f44,1778850668339-24,false,false,2,2,0,0,0,2026-05-18 08:45:39.106444+00,false,2026-07-04 20:21:34.867+00,false
532,4e48f266-e823-45bf-8bfa-c86fecc36f44,1778850180814-27,false,false,1,1,0,0,0,2026-05-18 08:45:39.082686+00,false,2026-05-18 08:45:38.64+00,false
533,4e48f266-e823-45bf-8bfa-c86fecc36f44,1778851069143-11,false,false,2,2,0,0,0,2026-05-18 08:45:39.1095+00,false,2026-07-05 15:07:36.456+00,false
534,4e48f266-e823-45bf-8bfa-c86fecc36f44,1779023235908-39,false,false,1,1,0,0,0,2026-05-18 08:45:39.113652+00,false,2026-05-18 08:45:38.637+00,false
543,4e48f266-e823-45bf-8bfa-c86fecc36f44,1779095978012-4,false,false,0,0,0,0,0,2026-05-18 09:20:46.727027+00,false,,true
544,4e48f266-e823-45bf-8bfa-c86fecc36f44,1779096455788-1,false,false,0,0,0,0,0,2026-05-18 09:29:23.407208+00,false,,true
545,4e48f266-e823-45bf-8bfa-c86fecc36f44,1779096455789-27,false,false,0,0,0,0,0,2026-05-18 09:29:23.409932+00,false,,true
546,4e48f266-e823-45bf-8bfa-c86fecc36f44,1779096455789-3,false,false,0,0,0,0,0,2026-05-18 09:29:23.40696+00,false,,true
547,4e48f266-e823-45bf-8bfa-c86fecc36f44,1779095978012-24,false,false,0,0,0,0,0,2026-05-18 09:29:23.407793+00,false,,true
548,4e48f266-e823-45bf-8bfa-c86fecc36f44,1779095978013-47,false,false,0,0,0,0,0,2026-05-18 09:29:23.407851+00,false,,true
549,4e48f266-e823-45bf-8bfa-c86fecc36f44,1778848747332-8,false,false,0,0,0,0,0,2026-05-18 09:48:53.709198+00,false,,true
550,4e48f266-e823-45bf-8bfa-c86fecc36f44,1778848839592-1,false,false,0,0,0,0,0,2026-05-18 09:48:53.697821+00,false,,true
551,4e48f266-e823-45bf-8bfa-c86fecc36f44,1778838531792-4,false,false,0,0,0,0,0,2026-05-18 09:48:53.697746+00,false,,true
555,4e48f266-e823-45bf-8bfa-c86fecc36f44,1779098767196-13,false,false,0,0,0,0,0,2026-05-18 10:06:33.661667+00,false,,true
557,4e48f266-e823-45bf-8bfa-c86fecc36f44,1778847571355-45,false,false,1,1,0,0,0,2026-05-18 13:29:06.852296+00,false,2026-05-18 13:29:05.497+00,false
558,4e48f266-e823-45bf-8bfa-c86fecc36f44,1778838531792-31,false,false,1,1,0,0,0,2026-05-18 13:29:06.817544+00,false,2026-05-18 13:29:05.578+00,false
560,4e48f266-e823-45bf-8bfa-c86fecc36f44,1778851080839-2,false,false,1,1,0,0,0,2026-05-18 13:29:06.839919+00,false,2026-05-18 13:29:05.633+00,false
562,4e48f266-e823-45bf-8bfa-c86fecc36f44,1779099371086-92,false,false,1,1,0,0,0,2026-05-18 13:29:06.817196+00,false,2026-05-18 13:29:05.523+00,false
564,4e48f266-e823-45bf-8bfa-c86fecc36f44,1778850503281-11,false,false,1,1,0,0,0,2026-05-18 13:29:06.819827+00,false,2026-05-18 13:29:05.454+00,false
566,4e48f266-e823-45bf-8bfa-c86fecc36f44,1778852216356-22,false,false,1,1,0,0,0,2026-05-18 13:29:06.897665+00,false,2026-05-18 13:29:05.624+00,false
567,4e48f266-e823-45bf-8bfa-c86fecc36f44,1778836982354-3,false,false,1,1,0,0,0,2026-05-18 13:29:06.900314+00,false,2026-05-18 13:29:05.619+00,false
568,4e48f266-e823-45bf-8bfa-c86fecc36f44,1779021155600-6,false,false,2,0,2,0,2,2026-05-18 13:29:06.900931+00,false,2026-05-18 13:36:58.253+00,false
569,4e48f266-e823-45bf-8bfa-c86fecc36f44,1779021155600-11,false,false,1,1,0,0,0,2026-05-18 13:29:06.900291+00,false,2026-05-18 13:29:05.607+00,false
570,4e48f266-e823-45bf-8bfa-c86fecc36f44,1779022222877-2,false,false,1,1,0,0,0,2026-05-18 13:29:06.900729+00,false,2026-05-18 13:29:05.48+00,false
572,4e48f266-e823-45bf-8bfa-c86fecc36f44,1778836982356-46,false,false,2,2,0,0,0,2026-05-18 13:29:06.933605+00,false,2026-05-18 21:50:51.18+00,false
574,4e48f266-e823-45bf-8bfa-c86fecc36f44,1778836982356-47,false,false,1,1,0,0,0,2026-05-18 13:29:06.927819+00,false,2026-05-18 13:29:05.559+00,false
575,4e48f266-e823-45bf-8bfa-c86fecc36f44,1778848949964-4,false,false,2,2,0,0,0,2026-05-18 13:29:06.939348+00,false,2026-05-19 19:52:51.682+00,false
576,4e48f266-e823-45bf-8bfa-c86fecc36f44,1778965316878-14,false,false,1,1,0,0,0,2026-05-18 13:29:06.933894+00,false,2026-05-18 13:29:05.535+00,false
577,4e48f266-e823-45bf-8bfa-c86fecc36f44,1778850677570-8,false,false,2,2,0,0,0,2026-05-18 13:29:06.966648+00,false,2026-05-22 13:19:48.694+00,false
578,4e48f266-e823-45bf-8bfa-c86fecc36f44,1778790466083-9,false,false,1,1,0,0,0,2026-05-18 13:29:06.966979+00,false,2026-05-18 13:29:05.43+00,false
579,4e48f266-e823-45bf-8bfa-c86fecc36f44,1778850920941-10,false,false,1,1,0,0,0,2026-05-18 13:29:06.966818+00,false,2026-05-18 13:29:05.592+00,false
581,4e48f266-e823-45bf-8bfa-c86fecc36f44,1778789460875-16,false,false,1,1,0,0,0,2026-05-18 13:29:06.933783+00,false,2026-05-18 13:29:05.628+00,false
582,4e48f266-e823-45bf-8bfa-c86fecc36f44,1778850180814-6,false,false,1,1,0,0,0,2026-05-18 13:29:06.978216+00,false,2026-05-18 13:29:05.602+00,false
583,4e48f266-e823-45bf-8bfa-c86fecc36f44,1778847571354-24,false,false,1,1,0,0,0,2026-05-18 13:29:06.978429+00,false,2026-05-18 13:29:05.491+00,false
584,4e48f266-e823-45bf-8bfa-c86fecc36f44,1778850920941-30,false,false,1,1,0,0,0,2026-05-18 13:29:06.98087+00,false,2026-05-18 13:29:05.612+00,false
586,4e48f266-e823-45bf-8bfa-c86fecc36f44,1778850305252-10,false,false,2,2,0,0,0,2026-05-18 13:29:06.976513+00,false,2026-05-18 13:36:58.231+00,false
587,4e48f266-e823-45bf-8bfa-c86fecc36f44,1778850668339-11,false,false,1,1,0,0,0,2026-05-18 13:29:06.932916+00,false,2026-05-18 13:29:05.582+00,false
588,4e48f266-e823-45bf-8bfa-c86fecc36f44,1778789460875-12,false,false,1,1,0,0,0,2026-05-18 13:29:06.939935+00,false,2026-05-18 13:29:05.554+00,false
589,4e48f266-e823-45bf-8bfa-c86fecc36f44,1779095978013-51,false,false,2,2,0,0,0,2026-05-18 13:29:06.976317+00,false,2026-07-02 16:23:09.407+00,false
590,4e48f266-e823-45bf-8bfa-c86fecc36f44,1778852211815-4,false,false,1,1,0,0,0,2026-05-18 13:29:06.981679+00,false,2026-05-18 13:29:05.528+00,false
591,4e48f266-e823-45bf-8bfa-c86fecc36f44,1778851069143-4,false,false,2,2,0,0,0,2026-05-18 13:29:06.985402+00,false,2026-05-18 13:36:58.272+00,false
592,4e48f266-e823-45bf-8bfa-c86fecc36f44,1778850305252-27,false,false,1,1,0,0,0,2026-05-18 13:29:06.976739+00,false,2026-05-18 13:29:05.468+00,false
593,4e48f266-e823-45bf-8bfa-c86fecc36f44,1778790466083-23,false,false,1,0,1,0,1,2026-05-18 13:36:58.714524+00,false,2026-05-18 13:36:58.18+00,false
594,4e48f266-e823-45bf-8bfa-c86fecc36f44,1779099371086-71,false,false,1,0,1,0,1,2026-05-18 13:36:58.714307+00,false,2026-05-18 13:36:58.277+00,false
595,4e48f266-e823-45bf-8bfa-c86fecc36f44,1778850180814-11,false,false,1,1,0,0,0,2026-05-18 13:36:58.73382+00,false,2026-05-18 13:36:58.154+00,false
597,4e48f266-e823-45bf-8bfa-c86fecc36f44,1778853562754-8,false,false,1,0,1,0,1,2026-05-18 13:36:58.753915+00,false,2026-05-18 13:36:58.226+00,false
598,4e48f266-e823-45bf-8bfa-c86fecc36f44,1779109290756-25,false,false,2,2,0,0,0,2026-05-18 13:36:58.832328+00,false,2026-07-02 16:23:09.489+00,false
599,4e48f266-e823-45bf-8bfa-c86fecc36f44,1778789460875-29,false,false,1,1,0,0,0,2026-05-18 13:36:58.869578+00,false,2026-05-18 13:36:58.237+00,false
600,4e48f266-e823-45bf-8bfa-c86fecc36f44,1778851080841-7,false,false,2,1,1,0,0,2026-05-18 13:36:58.868522+00,false,2026-07-04 20:21:34.824+00,false
601,4e48f266-e823-45bf-8bfa-c86fecc36f44,1778849659981-4,false,false,1,0,1,0,1,2026-05-18 13:36:58.869947+00,false,2026-05-18 13:36:58.079+00,false
603,4e48f266-e823-45bf-8bfa-c86fecc36f44,1778848747332-15,false,false,1,0,1,0,1,2026-05-18 13:36:58.872878+00,false,2026-05-18 13:36:58.164+00,false
605,4e48f266-e823-45bf-8bfa-c86fecc36f44,1779020921743-2,false,false,2,1,1,0,0,2026-05-18 13:36:58.872401+00,false,2026-07-09 09:39:44.096+00,false
606,4e48f266-e823-45bf-8bfa-c86fecc36f44,1778835788402-23,false,false,1,0,1,0,1,2026-05-18 13:36:58.888724+00,false,2026-05-18 13:36:58.149+00,false
607,4e48f266-e823-45bf-8bfa-c86fecc36f44,1778851069143-17,false,false,1,0,1,0,1,2026-05-18 13:36:58.872954+00,false,2026-05-18 13:36:58.122+00,false
609,4e48f266-e823-45bf-8bfa-c86fecc36f44,1779099371085-4,false,false,1,0,1,0,1,2026-05-18 13:36:58.890332+00,false,2026-05-18 13:36:58.133+00,false
611,4e48f266-e823-45bf-8bfa-c86fecc36f44,1778852216356-25,false,false,1,0,1,0,1,2026-05-18 13:36:58.886983+00,false,2026-05-18 13:36:58.204+00,false
612,4e48f266-e823-45bf-8bfa-c86fecc36f44,1779025862146-38,false,false,1,1,0,0,0,2026-05-18 13:36:58.894576+00,false,2026-05-18 13:36:58.144+00,false
613,4e48f266-e823-45bf-8bfa-c86fecc36f44,1778850513017-4,false,false,1,0,1,0,1,2026-05-18 13:36:58.869373+00,false,2026-05-18 13:36:58.138+00,false
614,4e48f266-e823-45bf-8bfa-c86fecc36f44,1779096455789-17,false,false,1,0,1,0,1,2026-05-18 13:36:58.900855+00,false,2026-05-18 13:36:58.195+00,false
615,4e48f266-e823-45bf-8bfa-c86fecc36f44,1779025862145-27,false,false,1,1,0,0,0,2026-05-18 13:36:58.868774+00,false,2026-05-18 13:36:58.115+00,false
616,4e48f266-e823-45bf-8bfa-c86fecc36f44,1778847727985-3,false,false,2,1,1,0,0,2026-05-18 13:36:58.900126+00,false,2026-05-18 21:50:50.931+00,false
617,4e48f266-e823-45bf-8bfa-c86fecc36f44,1778850503281-33,false,false,2,1,1,0,0,2026-05-18 13:36:58.893441+00,false,2026-05-22 13:19:48.578+00,false
618,4e48f266-e823-45bf-8bfa-c86fecc36f44,1778836917211-28,false,false,2,0,2,0,2,2026-05-18 13:36:58.90267+00,false,2026-06-30 16:29:37.202+00,false
619,4e48f266-e823-45bf-8bfa-c86fecc36f44,1779025862146-51,false,false,1,1,0,0,0,2026-05-18 13:36:58.9194+00,false,2026-05-18 13:36:58.102+00,false
620,4e48f266-e823-45bf-8bfa-c86fecc36f44,1779025862145-30,false,false,3,3,0,0,0,2026-05-18 13:36:58.906418+00,false,2026-07-07 14:46:08.645+00,false
621,4e48f266-e823-45bf-8bfa-c86fecc36f44,1779025862146-56,false,false,1,0,1,0,1,2026-05-18 13:36:58.920023+00,false,2026-05-18 13:36:58.169+00,false
622,4e48f266-e823-45bf-8bfa-c86fecc36f44,1778850668339-16,false,false,1,0,1,0,1,2026-05-18 13:36:58.923541+00,false,2026-05-18 13:36:58.199+00,false
623,4e48f266-e823-45bf-8bfa-c86fecc36f44,1778850186109-7,false,false,1,0,1,0,1,2026-05-18 13:36:58.928433+00,false,2026-05-18 13:36:58.289+00,false
624,4e48f266-e823-45bf-8bfa-c86fecc36f44,1779109290756-9,false,false,1,1,0,0,0,2026-05-18 13:36:58.927846+00,false,2026-05-18 13:36:58.242+00,false
625,4e48f266-e823-45bf-8bfa-c86fecc36f44,1778792120837-26,false,false,2,2,0,0,0,2026-05-18 13:36:58.928098+00,false,2026-07-05 15:07:36.192+00,true
626,4e48f266-e823-45bf-8bfa-c86fecc36f44,1778836982355-26,false,false,1,1,0,0,0,2026-05-18 13:36:58.9241+00,false,2026-05-18 13:36:58.247+00,false
627,4e48f266-e823-45bf-8bfa-c86fecc36f44,1778963783489-9,false,false,1,0,1,0,1,2026-05-18 13:36:58.923955+00,false,2026-05-18 13:36:58.258+00,false
628,4e48f266-e823-45bf-8bfa-c86fecc36f44,1778790466083-3,false,false,1,0,1,0,1,2026-05-18 13:36:58.9354+00,false,2026-05-18 13:36:58.093+00,false
629,4e48f266-e823-45bf-8bfa-c86fecc36f44,1779098774477-4,false,false,1,0,1,0,1,2026-05-18 13:36:58.936563+00,false,2026-05-18 13:36:58.216+00,false
630,4e48f266-e823-45bf-8bfa-c86fecc36f44,1778852661754-18,false,false,1,1,0,0,0,2026-05-18 19:22:55.016219+00,false,2026-05-18 19:23:22.5+00,false
635,4e48f266-e823-45bf-8bfa-c86fecc36f44,1778836917211-29,false,false,1,0,1,0,1,2026-05-18 19:23:22.917436+00,false,2026-05-18 19:23:22.57+00,false
636,4e48f266-e823-45bf-8bfa-c86fecc36f44,1778849279714-6,false,false,1,1,0,0,0,2026-05-18 19:23:22.953171+00,false,2026-05-18 19:23:22.597+00,false
638,4e48f266-e823-45bf-8bfa-c86fecc36f44,1778789460875-23,false,false,1,0,1,0,1,2026-05-18 19:23:23.018501+00,false,2026-05-18 19:23:22.565+00,false
640,4e48f266-e823-45bf-8bfa-c86fecc36f44,1778790778767-16,false,false,1,1,0,0,0,2026-05-18 19:23:23.055981+00,false,2026-05-18 19:23:22.653+00,false
641,4e48f266-e823-45bf-8bfa-c86fecc36f44,1778853162716-30,false,false,1,0,1,0,1,2026-05-18 19:23:23.055755+00,false,2026-05-18 19:23:22.536+00,false
642,4e48f266-e823-45bf-8bfa-c86fecc36f44,1778848839592-7,false,false,1,0,1,0,1,2026-05-18 19:23:23.062958+00,false,2026-05-18 19:23:22.629+00,false
644,4e48f266-e823-45bf-8bfa-c86fecc36f44,1778850668339-5,false,false,3,3,0,0,0,2026-05-18 19:23:23.057509+00,false,2026-07-02 16:23:09.478+00,false
645,4e48f266-e823-45bf-8bfa-c86fecc36f44,1778847571354-22,false,false,2,1,1,0,0,2026-05-18 19:23:23.078856+00,false,2026-06-30 16:29:37.323+00,false
647,4e48f266-e823-45bf-8bfa-c86fecc36f44,1778850503281-8,false,false,1,0,1,0,1,2026-05-18 19:23:23.103151+00,false,2026-05-18 19:23:22.515+00,false
648,4e48f266-e823-45bf-8bfa-c86fecc36f44,1778848736722-7,false,false,1,0,1,0,1,2026-05-18 19:23:23.113297+00,false,2026-05-18 19:23:22.541+00,false
649,4e48f266-e823-45bf-8bfa-c86fecc36f44,1778790778767-15,false,false,2,1,1,0,0,2026-05-18 19:23:23.119886+00,false,2026-07-07 14:46:08.411+00,false
650,4e48f266-e823-45bf-8bfa-c86fecc36f44,1778836917210-18,false,false,1,1,0,0,0,2026-05-18 19:23:23.134074+00,false,2026-05-18 19:23:22.574+00,false
651,4e48f266-e823-45bf-8bfa-c86fecc36f44,1778835788402-36,false,false,1,1,0,0,0,2026-05-18 19:23:23.127396+00,false,2026-05-18 19:23:22.532+00,false
652,4e48f266-e823-45bf-8bfa-c86fecc36f44,1778852926456-4,false,false,1,0,1,0,1,2026-05-18 19:23:23.132792+00,false,2026-05-18 19:23:22.625+00,false
653,4e48f266-e823-45bf-8bfa-c86fecc36f44,1778847571353-2,false,false,1,0,1,0,1,2026-05-18 19:23:23.146771+00,false,2026-05-18 19:23:22.666+00,false
654,4e48f266-e823-45bf-8bfa-c86fecc36f44,1778852661754-24,false,false,2,1,1,0,0,2026-05-18 19:23:23.156416+00,false,2026-05-19 19:52:51.672+00,false
656,4e48f266-e823-45bf-8bfa-c86fecc36f44,1778850305252-13,false,false,1,0,1,0,1,2026-05-18 19:23:23.171701+00,false,2026-05-18 19:23:22.55+00,false
657,4e48f266-e823-45bf-8bfa-c86fecc36f44,1778853432196-14,false,false,1,0,1,0,1,2026-05-18 19:23:23.172762+00,false,2026-05-18 19:23:22.556+00,false
658,4e48f266-e823-45bf-8bfa-c86fecc36f44,1778790466083-29,false,false,2,1,1,0,0,2026-05-18 19:23:23.181344+00,false,2026-05-20 11:54:39.095+00,false
659,4e48f266-e823-45bf-8bfa-c86fecc36f44,1778848643496-9,false,false,1,0,1,0,1,2026-05-18 19:23:23.182982+00,false,2026-05-18 19:23:22.601+00,false
660,4e48f266-e823-45bf-8bfa-c86fecc36f44,1778837357747-1,false,false,1,0,1,0,1,2026-05-18 19:23:23.183269+00,false,2026-05-18 19:23:22.614+00,false
661,4e48f266-e823-45bf-8bfa-c86fecc36f44,1778847561561-4,false,false,2,0,2,0,2,2026-05-18 19:23:23.183892+00,false,2026-07-04 17:25:21.589+00,false
663,4e48f266-e823-45bf-8bfa-c86fecc36f44,1778852668230-5,false,false,1,1,0,0,0,2026-05-18 19:23:23.187122+00,false,2026-05-18 19:23:22.647+00,false
665,4e48f266-e823-45bf-8bfa-c86fecc36f44,1778786034500-5,false,false,1,0,1,0,1,2026-05-18 19:23:23.188802+00,false,2026-05-18 19:23:22.658+00,false
666,4e48f266-e823-45bf-8bfa-c86fecc36f44,1778837350935-1,false,false,1,0,1,0,1,2026-05-18 19:23:23.195209+00,false,2026-05-18 19:23:22.695+00,false
667,4e48f266-e823-45bf-8bfa-c86fecc36f44,1778851069143-8,false,false,2,1,1,0,0,2026-05-18 19:23:23.192769+00,false,2026-07-07 14:46:08.622+00,false
668,4e48f266-e823-45bf-8bfa-c86fecc36f44,1778853581309-6,false,false,1,0,1,0,1,2026-05-18 19:23:23.199143+00,false,2026-05-18 19:23:22.691+00,false
669,4e48f266-e823-45bf-8bfa-c86fecc36f44,1778850503281-28,false,false,2,2,0,0,0,2026-05-18 19:23:23.198048+00,false,2026-05-20 11:54:39.059+00,false
671,4e48f266-e823-45bf-8bfa-c86fecc36f44,1778836982355-14,false,false,1,0,1,0,1,2026-05-18 19:23:23.20268+00,false,2026-05-18 19:23:22.593+00,false
672,4e48f266-e823-45bf-8bfa-c86fecc36f44,1778850180814-28,false,false,1,1,0,0,0,2026-05-18 19:23:23.20331+00,false,2026-05-18 19:23:22.675+00,false
673,4e48f266-e823-45bf-8bfa-c86fecc36f44,1778839295003-45,false,false,1,1,0,0,0,2026-05-18 19:23:23.208113+00,false,2026-05-18 19:23:22.68+00,false
674,4e48f266-e823-45bf-8bfa-c86fecc36f44,1779096455789-37,false,false,1,1,0,0,0,2026-05-18 21:46:46.057523+00,false,2026-05-18 21:50:51.091+00,true
676,4e48f266-e823-45bf-8bfa-c86fecc36f44,1778838531792-20,false,false,1,1,0,0,0,2026-05-18 21:49:04.483995+00,false,2026-05-18 21:50:51.138+00,true
678,4e48f266-e823-45bf-8bfa-c86fecc36f44,1778853432197-20,false,false,1,1,0,0,0,2026-05-18 21:50:51.543545+00,false,2026-05-18 21:50:50.923+00,false
679,4e48f266-e823-45bf-8bfa-c86fecc36f44,1778965625336-7,false,false,2,2,0,0,0,2026-05-18 21:50:51.583881+00,false,2026-07-09 09:39:44.071+00,false
681,4e48f266-e823-45bf-8bfa-c86fecc36f44,1778850180814-7,false,false,1,1,0,0,0,2026-05-18 21:50:51.57514+00,false,2026-05-18 21:50:51.084+00,false
682,4e48f266-e823-45bf-8bfa-c86fecc36f44,1778850930619-5,false,false,1,1,0,0,0,2026-05-18 21:50:51.61143+00,false,2026-05-18 21:50:50.896+00,false
683,4e48f266-e823-45bf-8bfa-c86fecc36f44,1779020930059-14,false,false,2,2,0,0,0,2026-05-18 21:50:51.616848+00,false,2026-07-07 14:46:08.459+00,false
684,4e48f266-e823-45bf-8bfa-c86fecc36f44,1779099371086-87,false,false,2,2,0,0,0,2026-05-18 21:50:51.619725+00,false,2026-05-22 13:19:48.706+00,false
685,4e48f266-e823-45bf-8bfa-c86fecc36f44,1779024543279-54,false,false,1,1,0,0,0,2026-05-18 21:50:51.644048+00,false,2026-05-18 21:50:50.998+00,false
686,4e48f266-e823-45bf-8bfa-c86fecc36f44,1778848747332-16,false,false,1,1,0,0,0,2026-05-18 21:50:51.640819+00,false,2026-05-18 21:50:50.946+00,false
687,4e48f266-e823-45bf-8bfa-c86fecc36f44,1779114523971-20,false,false,1,1,0,0,0,2026-05-18 21:50:51.645349+00,false,2026-05-18 21:50:51.106+00,false
688,4e48f266-e823-45bf-8bfa-c86fecc36f44,1778837350936-22,false,false,1,1,0,0,0,2026-05-18 21:50:51.649905+00,false,2026-05-18 21:50:50.953+00,false
689,4e48f266-e823-45bf-8bfa-c86fecc36f44,1778790466083-14,false,false,2,2,0,0,0,2026-05-18 21:50:51.650659+00,false,2026-07-05 15:07:36.396+00,false
690,4e48f266-e823-45bf-8bfa-c86fecc36f44,1779023235908-35,false,false,1,1,0,0,0,2026-05-18 21:50:51.655637+00,false,2026-05-18 21:50:51.146+00,false
691,4e48f266-e823-45bf-8bfa-c86fecc36f44,1779096455789-42,false,false,1,1,0,0,0,2026-05-18 21:50:51.656046+00,false,2026-05-18 21:50:51.022+00,false
692,4e48f266-e823-45bf-8bfa-c86fecc36f44,1779096455789-22,false,false,1,1,0,0,0,2026-05-18 21:50:51.660411+00,false,2026-05-18 21:50:51.075+00,false
693,4e48f266-e823-45bf-8bfa-c86fecc36f44,1778789460876-52,false,false,1,1,0,0,0,2026-05-18 21:50:51.658811+00,false,2026-05-18 21:50:51.172+00,false
694,4e48f266-e823-45bf-8bfa-c86fecc36f44,1778789460876-43,false,false,2,2,0,0,0,2026-05-18 21:50:51.691354+00,false,2026-07-09 09:39:43.957+00,false
696,4e48f266-e823-45bf-8bfa-c86fecc36f44,1779099371085-3,false,false,1,1,0,0,0,2026-05-18 21:50:51.698698+00,false,2026-05-18 21:50:51.007+00,false
697,4e48f266-e823-45bf-8bfa-c86fecc36f44,1779020921743-5,false,false,2,1,1,0,1,2026-05-18 21:50:51.704644+00,false,2026-07-04 20:21:34.97+00,false
698,4e48f266-e823-45bf-8bfa-c86fecc36f44,1779021729283-10,false,false,1,1,0,0,0,2026-05-18 21:50:51.699635+00,false,2026-05-18 21:50:51.189+00,false
699,4e48f266-e823-45bf-8bfa-c86fecc36f44,1779109290755-1,false,false,1,1,0,0,0,2026-05-18 21:50:51.701591+00,false,2026-05-18 21:50:51.196+00,false
704,4e48f266-e823-45bf-8bfa-c86fecc36f44,1778836982355-29,false,false,1,1,0,0,0,2026-05-18 21:50:51.715858+00,false,2026-05-18 21:50:51.068+00,false
705,4e48f266-e823-45bf-8bfa-c86fecc36f44,1778853432197-24,false,false,2,2,0,0,0,2026-05-18 21:50:51.715196+00,false,2026-05-19 19:52:51.711+00,false
706,4e48f266-e823-45bf-8bfa-c86fecc36f44,1779095978013-49,false,false,1,1,0,0,0,2026-05-18 21:50:51.725712+00,false,2026-05-18 21:50:51.205+00,false
708,4e48f266-e823-45bf-8bfa-c86fecc36f44,1778850668340-38,false,false,1,1,0,0,0,2026-05-18 21:50:51.729147+00,false,2026-05-18 21:50:51.098+00,false
709,4e48f266-e823-45bf-8bfa-c86fecc36f44,1779025862146-48,false,false,1,1,0,0,0,2026-05-18 21:50:51.73942+00,false,2026-05-18 21:50:50.976+00,false
711,4e48f266-e823-45bf-8bfa-c86fecc36f44,1778850180814-5,false,false,1,1,0,0,0,2026-05-18 21:50:51.743168+00,false,2026-05-18 21:50:51.154+00,false
712,4e48f266-e823-45bf-8bfa-c86fecc36f44,1778850305252-20,false,false,1,1,0,0,0,2026-05-18 21:50:51.745416+00,false,2026-05-18 21:50:51.053+00,false
713,4e48f266-e823-45bf-8bfa-c86fecc36f44,1778835792877-1,false,false,1,1,0,0,0,2026-05-18 21:50:51.739905+00,false,2026-05-18 21:50:50.968+00,false
714,4e48f266-e823-45bf-8bfa-c86fecc36f44,1779023235908-72,false,false,1,1,0,0,0,2026-05-18 21:50:51.748342+00,false,2026-05-18 21:50:50.991+00,false
715,4e48f266-e823-45bf-8bfa-c86fecc36f44,1778847477226-13,false,false,1,1,0,0,0,2026-05-18 21:50:51.742072+00,false,2026-05-18 21:50:51.037+00,false
716,4e48f266-e823-45bf-8bfa-c86fecc36f44,1779022222877-8,false,false,1,1,0,0,0,2026-05-18 21:50:51.755869+00,false,2026-05-18 21:50:51.029+00,false
720,4e48f266-e823-45bf-8bfa-c86fecc36f44,1778849279714-1,false,false,1,1,0,0,0,2026-05-19 19:30:20.485231+00,false,2026-05-19 19:52:51.597+00,true
721,4e48f266-e823-45bf-8bfa-c86fecc36f44,1779099371085-34,false,false,1,1,0,0,0,2026-05-19 19:52:53.122566+00,false,2026-05-19 19:52:51.511+00,false
723,4e48f266-e823-45bf-8bfa-c86fecc36f44,1778853432197-17,false,false,1,1,0,0,0,2026-05-19 19:52:53.121961+00,false,2026-05-19 19:52:51.737+00,false
725,4e48f266-e823-45bf-8bfa-c86fecc36f44,1778852661754-25,false,false,1,1,0,0,0,2026-05-19 19:52:53.121761+00,false,2026-05-19 19:52:51.732+00,false
726,4e48f266-e823-45bf-8bfa-c86fecc36f44,1778847716464-4,false,false,1,1,0,0,0,2026-05-19 19:52:53.107509+00,false,2026-05-19 19:52:51.629+00,false
727,4e48f266-e823-45bf-8bfa-c86fecc36f44,1778850503281-13,false,false,1,1,0,0,0,2026-05-19 19:52:53.121849+00,false,2026-05-19 19:52:51.619+00,false
728,4e48f266-e823-45bf-8bfa-c86fecc36f44,1779023235908-91,false,false,1,1,0,0,0,2026-05-19 19:52:53.107454+00,false,2026-05-19 19:52:51.624+00,false
730,4e48f266-e823-45bf-8bfa-c86fecc36f44,1779023235908-45,false,false,1,1,0,0,0,2026-05-19 19:52:53.109668+00,false,2026-05-19 19:52:51.592+00,false
731,4e48f266-e823-45bf-8bfa-c86fecc36f44,1778847294889-20,false,false,2,2,0,0,0,2026-05-19 19:52:53.203827+00,false,2026-07-12 14:19:16.318+00,false
733,4e48f266-e823-45bf-8bfa-c86fecc36f44,1779021148966-7,false,false,1,1,0,0,0,2026-05-19 19:52:53.211942+00,false,2026-05-19 19:52:51.651+00,false
734,4e48f266-e823-45bf-8bfa-c86fecc36f44,1778837350935-5,false,false,1,1,0,0,0,2026-05-19 19:52:53.212913+00,false,2026-05-19 19:52:51.656+00,false
735,4e48f266-e823-45bf-8bfa-c86fecc36f44,1778850305252-29,false,false,2,2,0,0,0,2026-05-19 19:52:53.212699+00,false,2026-05-20 11:54:39.077+00,false
738,4e48f266-e823-45bf-8bfa-c86fecc36f44,1778852926457-6,false,false,2,2,0,0,0,2026-05-19 19:52:53.213862+00,false,2026-07-05 15:07:36.146+00,false
740,4e48f266-e823-45bf-8bfa-c86fecc36f44,1779096455790-60,false,false,1,1,0,0,0,2026-05-19 19:52:53.21682+00,false,2026-05-19 19:52:51.608+00,false
741,4e48f266-e823-45bf-8bfa-c86fecc36f44,1778850310870-1,false,false,1,1,0,0,0,2026-05-19 19:52:53.216742+00,false,2026-05-19 19:52:51.639+00,false
742,4e48f266-e823-45bf-8bfa-c86fecc36f44,1778847571354-20,false,false,1,1,0,0,0,2026-05-19 19:52:53.216888+00,false,2026-05-19 19:52:51.556+00,false
743,4e48f266-e823-45bf-8bfa-c86fecc36f44,1778789460875-27,false,false,1,1,0,0,0,2026-05-19 19:52:53.225434+00,false,2026-05-19 19:52:51.743+00,false
744,4e48f266-e823-45bf-8bfa-c86fecc36f44,1779098774478-8,false,false,1,1,0,0,0,2026-05-19 19:52:53.229305+00,false,2026-05-19 19:52:51.646+00,false
745,4e48f266-e823-45bf-8bfa-c86fecc36f44,1779024543279-13,false,false,1,1,0,0,0,2026-05-19 19:52:53.230312+00,false,2026-05-19 19:52:51.535+00,false
746,4e48f266-e823-45bf-8bfa-c86fecc36f44,1778836917210-14,false,false,1,1,0,0,0,2026-05-19 19:52:53.230543+00,false,2026-05-19 19:52:51.614+00,false
747,4e48f266-e823-45bf-8bfa-c86fecc36f44,1778850668339-6,false,false,2,2,0,0,0,2026-05-19 19:52:53.229339+00,false,2026-07-04 20:21:35.085+00,false
748,4e48f266-e823-45bf-8bfa-c86fecc36f44,1779096455790-51,false,false,1,1,0,0,0,2026-05-19 19:52:53.235329+00,false,2026-05-19 19:52:51.543+00,false
749,4e48f266-e823-45bf-8bfa-c86fecc36f44,1778836922835-1,false,false,1,1,0,0,0,2026-05-19 19:52:53.2292+00,false,2026-05-19 19:52:51.563+00,false
750,4e48f266-e823-45bf-8bfa-c86fecc36f44,1779114523971-18,false,false,1,1,0,0,0,2026-05-19 19:52:53.23555+00,false,2026-05-19 19:52:51.58+00,false
752,4e48f266-e823-45bf-8bfa-c86fecc36f44,1779114515772-17,false,false,2,2,0,0,0,2026-05-19 19:52:53.233661+00,false,2026-05-20 11:54:39.103+00,false
753,4e48f266-e823-45bf-8bfa-c86fecc36f44,1779023235908-54,false,false,2,2,0,0,0,2026-05-19 19:52:53.225605+00,false,2026-07-04 20:21:34.924+00,false
754,4e48f266-e823-45bf-8bfa-c86fecc36f44,1778850503281-29,false,false,1,1,0,0,0,2026-05-19 19:52:53.244936+00,false,2026-05-19 19:52:51.569+00,false
755,4e48f266-e823-45bf-8bfa-c86fecc36f44,1778847294889-17,false,false,1,1,0,0,0,2026-05-19 19:52:53.248836+00,false,2026-05-19 19:52:51.662+00,false
757,4e48f266-e823-45bf-8bfa-c86fecc36f44,1778850677570-5,false,false,1,1,0,0,0,2026-05-19 19:52:53.249014+00,false,2026-05-19 19:52:51.727+00,false
758,4e48f266-e823-45bf-8bfa-c86fecc36f44,1779099371085-25,false,false,1,1,0,0,0,2026-05-19 19:52:53.264312+00,false,2026-05-19 19:52:51.716+00,false
759,4e48f266-e823-45bf-8bfa-c86fecc36f44,1778836081857-22,false,false,2,2,0,0,0,2026-05-19 19:52:53.251232+00,false,2026-07-07 14:46:08.524+00,false
760,4e48f266-e823-45bf-8bfa-c86fecc36f44,1778837350936-18,false,false,1,1,0,0,0,2026-05-19 19:52:53.251464+00,false,2026-05-19 19:52:51.55+00,false
762,4e48f266-e823-45bf-8bfa-c86fecc36f44,1779109290756-15,false,false,1,1,0,0,0,2026-05-20 11:54:39.693846+00,false,2026-05-20 11:54:39.118+00,false
763,4e48f266-e823-45bf-8bfa-c86fecc36f44,1779109290756-19,false,false,1,1,0,0,0,2026-05-20 11:54:39.710459+00,false,2026-05-20 11:54:39.069+00,false
764,4e48f266-e823-45bf-8bfa-c86fecc36f44,1779114515772-8,false,false,1,1,0,0,0,2026-05-20 11:54:39.731644+00,false,2026-05-20 11:54:39.04+00,false
768,4e48f266-e823-45bf-8bfa-c86fecc36f44,1779114523971-24,false,false,1,1,0,0,0,2026-05-20 11:54:39.699626+00,false,2026-05-20 11:54:39.05+00,false
770,4e48f266-e823-45bf-8bfa-c86fecc36f44,1779109290755-2,false,false,2,2,0,0,0,2026-05-20 11:54:39.69963+00,false,2026-07-07 14:46:08.529+00,false
771,4e48f266-e823-45bf-8bfa-c86fecc36f44,1778848643496-3,false,false,0,0,0,0,0,2026-05-20 21:05:22.012512+00,false,,true
774,4e48f266-e823-45bf-8bfa-c86fecc36f44,1778839295002-39,false,false,0,0,0,0,0,2026-05-21 19:33:36.232805+00,false,,true
778,4e48f266-e823-45bf-8bfa-c86fecc36f44,1778850305252-24,false,false,1,1,0,0,0,2026-05-22 13:19:50.209595+00,false,2026-05-22 13:19:48.542+00,false
779,4e48f266-e823-45bf-8bfa-c86fecc36f44,1778963791145-10,false,false,1,1,0,0,0,2026-05-22 13:19:50.209738+00,false,2026-05-22 13:19:48.658+00,false
781,4e48f266-e823-45bf-8bfa-c86fecc36f44,1779099371086-69,false,false,1,1,0,0,0,2026-05-22 13:19:50.219988+00,false,2026-05-22 13:19:48.556+00,false
782,4e48f266-e823-45bf-8bfa-c86fecc36f44,1778847727985-1,false,false,1,1,0,0,0,2026-05-22 13:19:50.220716+00,false,2026-05-22 13:19:48.613+00,false
783,4e48f266-e823-45bf-8bfa-c86fecc36f44,1778850305252-17,false,false,1,0,1,0,1,2026-05-22 13:19:50.205172+00,false,2026-05-22 13:19:48.624+00,false
784,4e48f266-e823-45bf-8bfa-c86fecc36f44,1779025862146-35,false,false,1,1,0,0,0,2026-05-22 13:19:50.205469+00,false,2026-05-22 13:19:48.646+00,false
785,4e48f266-e823-45bf-8bfa-c86fecc36f44,1778836982355-37,false,false,1,1,0,0,0,2026-05-22 13:19:50.220112+00,false,2026-05-22 13:19:48.589+00,false
786,4e48f266-e823-45bf-8bfa-c86fecc36f44,1779023235908-22,false,false,1,1,0,0,0,2026-05-22 13:19:50.206416+00,false,2026-05-22 13:19:48.635+00,false
787,4e48f266-e823-45bf-8bfa-c86fecc36f44,1779025862145-28,false,false,2,2,0,0,0,2026-05-22 13:19:50.220039+00,false,2026-06-30 16:29:37.289+00,false
788,4e48f266-e823-45bf-8bfa-c86fecc36f44,1778848949965-10,false,false,1,1,0,0,0,2026-05-22 13:19:50.271903+00,false,2026-05-22 13:19:48.75+00,false
789,4e48f266-e823-45bf-8bfa-c86fecc36f44,1778846227385-8,false,false,1,1,0,0,0,2026-05-22 13:19:50.28929+00,false,2026-05-22 13:19:48.795+00,false
790,4e48f266-e823-45bf-8bfa-c86fecc36f44,1778851069143-21,false,false,1,1,0,0,0,2026-05-22 13:19:50.291909+00,false,2026-05-22 13:19:48.896+00,false
791,4e48f266-e823-45bf-8bfa-c86fecc36f44,1778789460875-22,false,false,2,1,0,1,1,2026-05-22 13:19:50.292174+00,false,2026-07-04 20:21:35.186+00,false
792,4e48f266-e823-45bf-8bfa-c86fecc36f44,1778790778767-13,false,false,1,1,0,0,0,2026-05-22 13:19:50.2938+00,false,2026-05-22 13:19:48.682+00,false
793,4e48f266-e823-45bf-8bfa-c86fecc36f44,1779096993824-14,false,false,1,1,0,0,0,2026-05-22 13:19:50.294787+00,false,2026-05-22 13:19:48.601+00,false
794,4e48f266-e823-45bf-8bfa-c86fecc36f44,1779096993824-18,false,false,1,1,0,0,0,2026-05-22 13:19:50.29203+00,false,2026-05-22 13:19:48.761+00,false
797,4e48f266-e823-45bf-8bfa-c86fecc36f44,1778965490226-11,false,false,1,1,0,0,0,2026-05-22 13:19:50.304099+00,false,2026-05-22 13:19:48.74+00,false
798,4e48f266-e823-45bf-8bfa-c86fecc36f44,1778847716464-13,false,false,1,1,0,0,0,2026-05-22 13:19:50.303265+00,false,2026-05-22 13:19:48.718+00,false
799,4e48f266-e823-45bf-8bfa-c86fecc36f44,1779025862146-45,false,false,1,1,0,0,0,2026-05-22 13:19:50.333843+00,false,2026-05-22 13:19:48.841+00,false
800,4e48f266-e823-45bf-8bfa-c86fecc36f44,1779099371085-37,false,false,1,0,1,0,1,2026-05-22 13:19:50.333352+00,false,2026-05-22 13:19:48.874+00,false
801,4e48f266-e823-45bf-8bfa-c86fecc36f44,1779023235908-58,false,false,1,0,1,0,1,2026-05-22 13:19:50.303419+00,false,2026-05-22 13:19:48.817+00,false
802,4e48f266-e823-45bf-8bfa-c86fecc36f44,1778851080839-4,false,false,3,3,0,0,0,2026-05-22 13:19:50.335962+00,false,2026-07-12 14:19:16.368+00,false
803,4e48f266-e823-45bf-8bfa-c86fecc36f44,1778848736722-5,false,false,2,2,0,0,0,2026-05-22 13:19:50.337871+00,false,2026-07-04 20:21:35.051+00,false
804,4e48f266-e823-45bf-8bfa-c86fecc36f44,1778789460876-38,false,false,1,1,0,0,0,2026-05-22 13:19:50.303372+00,false,2026-05-22 13:19:48.729+00,false
805,4e48f266-e823-45bf-8bfa-c86fecc36f44,1778839295003-46,false,false,1,1,0,0,0,2026-05-22 13:19:50.341062+00,false,2026-05-22 13:19:48.784+00,false
806,4e48f266-e823-45bf-8bfa-c86fecc36f44,1778849279714-9,false,false,1,1,0,0,0,2026-05-22 13:19:50.342327+00,false,2026-05-22 13:19:48.772+00,false
808,4e48f266-e823-45bf-8bfa-c86fecc36f44,1779114523970-5,false,false,1,1,0,0,0,2026-05-22 13:19:50.345168+00,false,2026-05-22 13:19:48.828+00,false
809,4e48f266-e823-45bf-8bfa-c86fecc36f44,1778789460876-62,false,false,2,2,0,0,0,2026-05-22 13:19:50.349424+00,false,2026-07-05 15:07:36.432+00,false
810,4e48f266-e823-45bf-8bfa-c86fecc36f44,1779114515772-5,false,false,1,1,0,0,0,2026-05-22 13:19:50.344492+00,false,2026-05-22 13:19:48.863+00,false
811,4e48f266-e823-45bf-8bfa-c86fecc36f44,1778965625335-2,false,false,1,1,0,0,0,2026-05-22 13:19:50.350182+00,false,2026-05-22 13:19:48.968+00,false
812,4e48f266-e823-45bf-8bfa-c86fecc36f44,1778790466083-21,false,false,2,2,0,0,0,2026-05-22 13:19:50.355105+00,false,2026-07-05 15:07:36.532+00,false
813,4e48f266-e823-45bf-8bfa-c86fecc36f44,1779114523971-19,false,false,1,1,0,0,0,2026-05-22 13:19:50.349143+00,false,2026-05-22 13:19:48.907+00,false
814,4e48f266-e823-45bf-8bfa-c86fecc36f44,1778965316878-7,false,false,1,1,0,0,0,2026-05-22 13:19:50.361943+00,false,2026-05-22 13:19:48.93+00,false
815,4e48f266-e823-45bf-8bfa-c86fecc36f44,1779114515772-2,false,false,1,1,0,0,0,2026-05-22 13:19:50.366368+00,false,2026-05-22 13:19:48.956+00,false
816,4e48f266-e823-45bf-8bfa-c86fecc36f44,1779096455790-65,false,false,1,1,0,0,0,2026-05-22 13:19:50.363482+00,false,2026-05-22 13:19:48.992+00,false
817,4e48f266-e823-45bf-8bfa-c86fecc36f44,1779096455790-58,false,false,1,1,0,0,0,2026-05-22 13:19:50.368691+00,false,2026-05-22 13:19:48.942+00,false
818,4e48f266-e823-45bf-8bfa-c86fecc36f44,1778848747332-6,false,false,1,1,0,0,0,2026-06-30 16:01:57.955218+00,false,2026-06-30 16:29:37.207+00,true
819,4e48f266-e823-45bf-8bfa-c86fecc36f44,1778847473185-3,false,false,1,1,0,0,0,2026-06-30 16:07:00.238423+00,true,2026-06-30 16:29:37.23+00,false
820,4e48f266-e823-45bf-8bfa-c86fecc36f44,1779096455789-18,false,false,1,1,0,0,0,2026-06-30 16:26:15.47722+00,false,2026-06-30 16:29:37.328+00,true
821,4e48f266-e823-45bf-8bfa-c86fecc36f44,1778853432197-22,false,false,1,1,0,0,0,2026-06-30 16:29:37.903908+00,false,2026-06-30 16:29:37.177+00,false
822,4e48f266-e823-45bf-8bfa-c86fecc36f44,1778963767082-5,false,false,1,1,0,0,0,2026-06-30 16:29:37.903995+00,false,2026-06-30 16:29:37.282+00,false
823,4e48f266-e823-45bf-8bfa-c86fecc36f44,1779099371086-89,false,false,1,1,0,0,0,2026-06-30 16:29:37.910592+00,false,2026-06-30 16:29:37.267+00,false
824,4e48f266-e823-45bf-8bfa-c86fecc36f44,1778839295002-23,false,false,1,0,1,0,1,2026-06-30 16:29:37.913751+00,false,2026-06-30 16:29:37.277+00,false
825,4e48f266-e823-45bf-8bfa-c86fecc36f44,1779023235908-48,false,false,1,1,0,0,0,2026-06-30 16:29:37.914682+00,false,2026-06-30 16:29:37.15+00,false
826,4e48f266-e823-45bf-8bfa-c86fecc36f44,1779020930059-13,false,false,2,2,0,0,0,2026-06-30 16:29:37.910486+00,false,2026-07-09 09:39:44.141+00,false
827,4e48f266-e823-45bf-8bfa-c86fecc36f44,1778850305252-7,false,false,1,1,0,0,0,2026-06-30 16:29:37.914335+00,false,2026-06-30 16:29:37.256+00,false
828,4e48f266-e823-45bf-8bfa-c86fecc36f44,1778851069143-25,false,false,1,1,0,0,0,2026-06-30 16:29:37.934435+00,false,2026-06-30 16:29:37.196+00,false
830,4e48f266-e823-45bf-8bfa-c86fecc36f44,1778789460875-28,false,false,1,1,0,0,0,2026-06-30 16:29:37.976633+00,false,2026-06-30 16:29:37.34+00,false
831,4e48f266-e823-45bf-8bfa-c86fecc36f44,1779096455789-10,false,false,1,1,0,0,0,2026-06-30 16:29:37.977229+00,false,2026-06-30 16:29:37.345+00,false
833,4e48f266-e823-45bf-8bfa-c86fecc36f44,1778850920941-28,false,false,1,1,0,0,0,2026-06-30 16:29:38.013655+00,false,2026-06-30 16:29:37.303+00,false
834,4e48f266-e823-45bf-8bfa-c86fecc36f44,1778848643496-2,false,false,1,1,0,0,0,2026-06-30 16:29:38.013862+00,false,2026-06-30 16:29:37.313+00,false
835,4e48f266-e823-45bf-8bfa-c86fecc36f44,1778790458591-4,false,false,1,1,0,0,0,2026-06-30 16:29:37.98159+00,false,2026-06-30 16:29:37.223+00,false
836,4e48f266-e823-45bf-8bfa-c86fecc36f44,1778847716464-8,false,false,1,1,0,0,0,2026-06-30 16:29:38.013087+00,false,2026-06-30 16:29:37.165+00,false
838,4e48f266-e823-45bf-8bfa-c86fecc36f44,1779024543279-49,false,false,1,1,0,0,0,2026-06-30 16:29:38.015064+00,false,2026-06-30 16:29:37.293+00,false
839,4e48f266-e823-45bf-8bfa-c86fecc36f44,1779099371085-39,false,false,1,1,0,0,0,2026-06-30 16:29:38.016494+00,false,2026-06-30 16:29:37.333+00,false
840,4e48f266-e823-45bf-8bfa-c86fecc36f44,1778786034500-7,false,false,1,1,0,0,0,2026-06-30 16:29:38.020803+00,false,2026-06-30 16:29:37.14+00,false
843,4e48f266-e823-45bf-8bfa-c86fecc36f44,1778853562754-6,false,false,1,1,0,0,0,2026-06-30 16:29:38.026004+00,false,2026-06-30 16:29:37.318+00,false
845,4e48f266-e823-45bf-8bfa-c86fecc36f44,1779096993824-7,false,false,1,1,0,0,0,2026-06-30 16:29:38.033083+00,false,2026-06-30 16:29:37.158+00,false
846,4e48f266-e823-45bf-8bfa-c86fecc36f44,1779023235908-24,false,false,1,1,0,0,0,2026-06-30 16:29:38.034102+00,false,2026-06-30 16:29:37.241+00,false
847,4e48f266-e823-45bf-8bfa-c86fecc36f44,1778839295002-28,false,false,1,1,0,0,0,2026-06-30 16:29:38.032438+00,false,2026-06-30 16:29:37.251+00,false
848,4e48f266-e823-45bf-8bfa-c86fecc36f44,1779098767195-5,false,false,1,1,0,0,0,2026-06-30 16:29:38.039273+00,false,2026-06-30 16:29:37.171+00,false
850,4e48f266-e823-45bf-8bfa-c86fecc36f44,1778848736722-2,false,false,1,1,0,0,0,2026-06-30 16:29:38.041492+00,false,2026-06-30 16:29:37.183+00,false
851,4e48f266-e823-45bf-8bfa-c86fecc36f44,1778837350936-32,false,false,1,1,0,0,0,2026-06-30 16:29:38.040978+00,false,2026-06-30 16:29:37.236+00,false
852,4e48f266-e823-45bf-8bfa-c86fecc36f44,1778786034500-6,false,false,1,1,0,0,0,2026-06-30 16:29:38.041818+00,false,2026-06-30 16:29:37.308+00,false
853,4e48f266-e823-45bf-8bfa-c86fecc36f44,1778963791145-16,false,false,2,2,0,0,0,2026-06-30 16:29:38.045357+00,false,2026-07-04 20:21:34.775+00,false
854,4e48f266-e823-45bf-8bfa-c86fecc36f44,1779109290756-27,false,false,1,1,0,0,0,2026-06-30 16:29:38.046342+00,false,2026-06-30 16:29:37.262+00,false
855,4e48f266-e823-45bf-8bfa-c86fecc36f44,1779109290756-11,false,false,1,1,0,0,0,2026-06-30 16:29:38.050056+00,false,2026-06-30 16:29:37.246+00,false
856,4e48f266-e823-45bf-8bfa-c86fecc36f44,1778850920941-25,false,false,1,1,0,0,0,2026-06-30 16:29:38.052057+00,false,2026-06-30 16:29:37.355+00,false
857,4e48f266-e823-45bf-8bfa-c86fecc36f44,1779098767196-21,false,false,1,1,0,0,0,2026-06-30 16:29:38.045968+00,false,2026-06-30 16:29:37.189+00,false
858,4e48f266-e823-45bf-8bfa-c86fecc36f44,1779021944722-4,false,false,1,1,0,0,0,2026-06-30 16:29:37.980198+00,false,2026-06-30 16:29:37.35+00,false
859,4e48f266-e823-45bf-8bfa-c86fecc36f44,1778835792877-8,false,false,1,1,0,0,0,2026-06-30 16:29:38.054908+00,false,2026-06-30 16:29:37.218+00,false
860,4e48f266-e823-45bf-8bfa-c86fecc36f44,1778963783489-1,false,false,1,1,0,0,0,2026-06-30 16:29:38.408282+00,false,2026-06-30 16:29:37.272+00,false
863,4e48f266-e823-45bf-8bfa-c86fecc36f44,1779027017010-10,false,false,0,0,0,0,0,2026-07-02 08:43:21.348161+00,true,,false
864,4e48f266-e823-45bf-8bfa-c86fecc36f44,1779096455789-32,false,false,0,0,0,0,0,2026-07-02 08:52:50.293809+00,true,,false
865,4e48f266-e823-45bf-8bfa-c86fecc36f44,1778849279715-16,false,false,0,0,0,0,0,2026-07-02 08:56:09.563328+00,true,,false
866,4e48f266-e823-45bf-8bfa-c86fecc36f44,1778847571354-14,false,false,1,1,0,0,0,2026-07-02 16:03:12.615825+00,true,2026-07-02 16:23:09.378+00,false
867,4e48f266-e823-45bf-8bfa-c86fecc36f44,1779023235908-70,false,false,1,1,0,0,0,2026-07-02 16:23:10.02104+00,false,2026-07-02 16:23:09.465+00,false
868,4e48f266-e823-45bf-8bfa-c86fecc36f44,1778851069143-20,false,false,1,1,0,0,0,2026-07-02 16:23:10.135477+00,false,2026-07-02 16:23:09.396+00,false
869,4e48f266-e823-45bf-8bfa-c86fecc36f44,1779020930059-9,false,false,1,1,0,0,0,2026-07-02 16:23:10.15962+00,false,2026-07-02 16:23:09.429+00,false
870,4e48f266-e823-45bf-8bfa-c86fecc36f44,1779099371085-16,false,false,1,1,0,0,0,2026-07-02 16:23:10.170863+00,false,2026-07-02 16:23:09.455+00,false
871,4e48f266-e823-45bf-8bfa-c86fecc36f44,1779099371085-36,false,false,1,0,1,0,1,2026-07-02 16:23:10.186805+00,false,2026-07-02 16:23:09.352+00,false
873,4e48f266-e823-45bf-8bfa-c86fecc36f44,1778837350936-14,false,false,1,0,1,0,1,2026-07-02 16:23:10.210033+00,false,2026-07-02 16:23:09.423+00,false
875,4e48f266-e823-45bf-8bfa-c86fecc36f44,1778836982356-45,false,false,1,1,0,0,0,2026-07-02 16:23:10.26313+00,false,2026-07-02 16:23:09.384+00,false
876,4e48f266-e823-45bf-8bfa-c86fecc36f44,1778836982355-27,false,false,1,1,0,0,0,2026-07-02 16:23:10.265656+00,false,2026-07-02 16:23:09.545+00,false
877,4e48f266-e823-45bf-8bfa-c86fecc36f44,1778847716464-15,false,false,1,1,0,0,0,2026-07-02 16:23:10.26827+00,false,2026-07-02 16:23:09.401+00,false
878,4e48f266-e823-45bf-8bfa-c86fecc36f44,1778836081857-12,false,false,1,1,0,0,0,2026-07-02 16:23:10.271075+00,false,2026-07-02 16:23:09.444+00,false
879,4e48f266-e823-45bf-8bfa-c86fecc36f44,1778850513017-1,false,false,1,1,0,0,0,2026-07-02 16:23:10.285279+00,false,2026-07-02 16:23:09.418+00,false
880,4e48f266-e823-45bf-8bfa-c86fecc36f44,1778789460875-14,false,false,1,1,0,0,0,2026-07-02 16:23:10.263643+00,false,2026-07-02 16:23:09.5+00,false
881,4e48f266-e823-45bf-8bfa-c86fecc36f44,1778847716464-17,false,false,1,1,0,0,0,2026-07-02 16:23:10.28317+00,false,2026-07-02 16:23:09.343+00,false
882,4e48f266-e823-45bf-8bfa-c86fecc36f44,1778846227385-1,false,false,1,1,0,0,0,2026-07-02 16:23:10.260504+00,false,2026-07-02 16:23:09.561+00,false
883,4e48f266-e823-45bf-8bfa-c86fecc36f44,1779096455789-31,false,false,1,1,0,0,0,2026-07-02 16:23:10.267857+00,false,2026-07-02 16:23:09.494+00,false
884,4e48f266-e823-45bf-8bfa-c86fecc36f44,1778838526918-1,false,false,1,1,0,0,0,2026-07-02 16:23:10.268109+00,false,2026-07-02 16:23:09.529+00,false
885,4e48f266-e823-45bf-8bfa-c86fecc36f44,1779095978012-34,false,false,1,1,0,0,0,2026-07-02 16:23:10.297374+00,false,2026-07-02 16:23:09.434+00,false
886,4e48f266-e823-45bf-8bfa-c86fecc36f44,1779095978013-55,false,false,1,1,0,0,0,2026-07-02 16:23:10.30517+00,false,2026-07-02 16:23:09.46+00,false
887,4e48f266-e823-45bf-8bfa-c86fecc36f44,1778963791145-8,false,false,1,1,0,0,0,2026-07-02 16:23:10.289681+00,false,2026-07-02 16:23:09.365+00,false
888,4e48f266-e823-45bf-8bfa-c86fecc36f44,1778850668339-1,false,false,1,0,1,0,1,2026-07-02 16:23:10.308983+00,false,2026-07-02 16:23:09.412+00,false
889,4e48f266-e823-45bf-8bfa-c86fecc36f44,1778850305253-31,false,false,1,1,0,0,0,2026-07-02 16:23:10.3064+00,false,2026-07-02 16:23:09.329+00,false
890,4e48f266-e823-45bf-8bfa-c86fecc36f44,1778836982355-39,false,false,1,1,0,0,0,2026-07-02 16:23:10.304977+00,false,2026-07-02 16:23:09.518+00,false
891,4e48f266-e823-45bf-8bfa-c86fecc36f44,1778848949965-13,false,false,1,1,0,0,0,2026-07-02 16:23:10.309655+00,false,2026-07-02 16:23:09.389+00,false
892,4e48f266-e823-45bf-8bfa-c86fecc36f44,1779098767196-9,false,false,1,1,0,0,0,2026-07-02 16:23:10.305089+00,false,2026-07-02 16:23:09.483+00,false
893,4e48f266-e823-45bf-8bfa-c86fecc36f44,1778789460875-15,false,false,1,1,0,0,0,2026-07-02 16:23:10.318948+00,false,2026-07-02 16:23:09.534+00,false
895,4e48f266-e823-45bf-8bfa-c86fecc36f44,1778850180814-23,false,false,2,2,0,0,0,2026-07-02 16:23:10.321704+00,false,2026-07-04 20:21:34.787+00,false
896,4e48f266-e823-45bf-8bfa-c86fecc36f44,1778850668339-30,false,false,1,0,0,1,1,2026-07-02 16:23:10.325914+00,false,2026-07-02 16:23:09.359+00,false
897,4e48f266-e823-45bf-8bfa-c86fecc36f44,1779098774478-10,false,false,1,1,0,0,0,2026-07-02 16:23:10.304916+00,false,2026-07-02 16:23:09.55+00,false
898,4e48f266-e823-45bf-8bfa-c86fecc36f44,1778789460876-57,false,false,1,1,0,0,0,2026-07-02 16:23:10.323975+00,false,2026-07-02 16:23:09.556+00,false
899,4e48f266-e823-45bf-8bfa-c86fecc36f44,1778836081857-29,false,false,2,2,0,0,0,2026-07-02 16:23:10.329056+00,false,2026-07-09 09:39:44.175+00,false
900,4e48f266-e823-45bf-8bfa-c86fecc36f44,1779025862145-23,false,false,1,1,0,0,0,2026-07-02 16:23:10.329282+00,false,2026-07-02 16:23:09.439+00,false
901,4e48f266-e823-45bf-8bfa-c86fecc36f44,1778835788402-19,false,false,1,1,0,0,0,2026-07-02 16:23:10.34279+00,false,2026-07-02 16:23:09.513+00,false
902,4e48f266-e823-45bf-8bfa-c86fecc36f44,1778789460876-42,false,false,2,2,0,0,0,2026-07-02 16:23:10.305905+00,false,2026-07-05 15:07:36.168+00,false
904,4e48f266-e823-45bf-8bfa-c86fecc36f44,1778963791145-6,false,false,1,1,0,0,0,2026-07-02 16:23:10.342628+00,false,2026-07-02 16:23:09.523+00,false
908,4e48f266-e823-45bf-8bfa-c86fecc36f44,1778789460875-31,false,false,1,1,0,0,0,2026-07-04 17:25:22.479208+00,false,2026-07-04 17:25:21.594+00,false
910,4e48f266-e823-45bf-8bfa-c86fecc36f44,1778850180814-16,false,false,1,1,0,0,0,2026-07-04 17:25:22.44527+00,false,2026-07-04 17:25:21.555+00,false
912,4e48f266-e823-45bf-8bfa-c86fecc36f44,1778849659982-27,false,false,1,1,0,0,0,2026-07-04 17:25:22.445154+00,false,2026-07-04 17:25:21.583+00,false
915,4e48f266-e823-45bf-8bfa-c86fecc36f44,1779096455789-7,false,false,1,1,0,0,0,2026-07-04 17:25:22.445162+00,false,2026-07-04 17:25:21.563+00,false
916,4e48f266-e823-45bf-8bfa-c86fecc36f44,1778835792877-2,false,false,1,1,0,0,0,2026-07-04 17:25:22.4493+00,false,2026-07-04 17:25:21.6+00,false
917,4e48f266-e823-45bf-8bfa-c86fecc36f44,1779022110348-21,false,false,1,1,0,0,0,2026-07-04 20:21:35.925334+00,false,2026-07-04 20:21:34.994+00,false
918,4e48f266-e823-45bf-8bfa-c86fecc36f44,1778790466084-32,false,false,1,1,0,0,0,2026-07-04 20:21:35.926058+00,false,2026-07-04 20:21:35.148+00,false
919,4e48f266-e823-45bf-8bfa-c86fecc36f44,1778852921765-3,false,false,1,1,0,0,0,2026-07-04 20:21:35.988428+00,false,2026-07-04 20:21:34.948+00,false
920,4e48f266-e823-45bf-8bfa-c86fecc36f44,1778852661754-19,false,false,1,1,0,0,0,2026-07-04 20:21:35.986853+00,false,2026-07-04 20:21:35.039+00,false
922,4e48f266-e823-45bf-8bfa-c86fecc36f44,1779025862146-52,false,false,1,1,0,0,0,2026-07-04 20:21:35.936381+00,false,2026-07-04 20:21:35.027+00,false
923,4e48f266-e823-45bf-8bfa-c86fecc36f44,1779025862145-1,false,false,1,1,0,0,0,2026-07-04 20:21:35.959085+00,false,2026-07-04 20:21:34.761+00,false
924,4e48f266-e823-45bf-8bfa-c86fecc36f44,1779022222877-7,false,false,1,1,0,0,0,2026-07-04 20:21:35.990094+00,false,2026-07-04 20:21:35.161+00,false
925,4e48f266-e823-45bf-8bfa-c86fecc36f44,1779023235908-42,false,false,1,1,0,0,0,2026-07-04 20:21:35.991778+00,false,2026-07-04 20:21:35.016+00,false
926,4e48f266-e823-45bf-8bfa-c86fecc36f44,1778850503281-22,false,false,1,1,0,0,0,2026-07-04 20:21:35.988215+00,false,2026-07-04 20:21:34.835+00,false
927,4e48f266-e823-45bf-8bfa-c86fecc36f44,1779025862145-9,false,false,1,1,0,0,0,2026-07-04 20:21:36.021149+00,false,2026-07-04 20:21:35.062+00,false
929,4e48f266-e823-45bf-8bfa-c86fecc36f44,1779099371086-97,false,false,1,1,0,0,0,2026-07-04 20:21:36.020824+00,false,2026-07-04 20:21:34.913+00,false
932,4e48f266-e823-45bf-8bfa-c86fecc36f44,1778790466083-25,false,false,3,3,0,0,0,2026-07-04 20:21:36.029942+00,false,2026-07-07 14:46:08.446+00,false
933,4e48f266-e823-45bf-8bfa-c86fecc36f44,1778850668339-15,false,false,1,1,0,0,0,2026-07-04 20:21:36.022208+00,false,2026-07-04 20:21:34.81+00,false
934,4e48f266-e823-45bf-8bfa-c86fecc36f44,1778963783489-13,false,false,1,1,0,0,0,2026-07-04 20:21:36.031863+00,false,2026-07-04 20:21:35.073+00,false
935,4e48f266-e823-45bf-8bfa-c86fecc36f44,1778847294888-4,false,false,1,0,1,0,1,2026-07-04 20:21:36.037337+00,false,2026-07-04 20:21:34.959+00,false
936,4e48f266-e823-45bf-8bfa-c86fecc36f44,1778850310870-3,false,false,1,1,0,0,0,2026-07-04 20:21:36.039333+00,false,2026-07-04 20:21:34.983+00,false
937,4e48f266-e823-45bf-8bfa-c86fecc36f44,1778849279714-10,false,false,1,1,0,0,0,2026-07-04 20:21:36.03149+00,false,2026-07-04 20:21:35.21+00,false
941,4e48f266-e823-45bf-8bfa-c86fecc36f44,1779025862145-4,false,false,1,1,0,0,0,2026-07-04 20:21:36.040715+00,false,2026-07-04 20:21:35.098+00,false
942,4e48f266-e823-45bf-8bfa-c86fecc36f44,1779024543279-32,false,false,1,1,0,0,0,2026-07-04 20:21:36.049918+00,false,2026-07-04 20:21:34.937+00,false
943,4e48f266-e823-45bf-8bfa-c86fecc36f44,1779099371086-96,false,false,1,1,0,0,0,2026-07-04 20:21:36.045451+00,false,2026-07-04 20:21:34.879+00,false
945,4e48f266-e823-45bf-8bfa-c86fecc36f44,1778965490227-17,false,false,1,1,0,0,0,2026-07-04 20:21:36.07327+00,false,2026-07-04 20:21:34.902+00,false
947,4e48f266-e823-45bf-8bfa-c86fecc36f44,1779025862146-55,false,false,1,1,0,0,0,2026-07-04 20:21:36.03155+00,false,2026-07-04 20:21:35.111+00,false
948,4e48f266-e823-45bf-8bfa-c86fecc36f44,1778836982355-31,false,false,1,1,0,0,0,2026-07-04 20:21:36.050715+00,false,2026-07-04 20:21:35.223+00,false
949,4e48f266-e823-45bf-8bfa-c86fecc36f44,1778838531792-29,false,false,1,1,0,0,0,2026-07-04 20:21:36.050723+00,false,2026-07-04 20:21:34.845+00,false
951,4e48f266-e823-45bf-8bfa-c86fecc36f44,1778791002997-24,false,false,1,1,0,0,0,2026-07-04 20:21:36.05098+00,false,2026-07-04 20:21:34.89+00,false
952,4e48f266-e823-45bf-8bfa-c86fecc36f44,1779023235908-73,false,false,1,1,0,0,0,2026-07-04 20:21:36.075912+00,false,2026-07-04 20:21:34.799+00,false
953,4e48f266-e823-45bf-8bfa-c86fecc36f44,1778837350936-34,false,false,1,1,0,0,0,2026-07-04 20:21:36.087247+00,false,2026-07-04 20:21:35.174+00,false
955,4e48f266-e823-45bf-8bfa-c86fecc36f44,1779114515772-14,false,false,1,1,0,0,0,2026-07-04 20:21:36.086366+00,false,2026-07-04 20:21:35.123+00,false
956,4e48f266-e823-45bf-8bfa-c86fecc36f44,1778846227385-9,false,false,1,1,0,0,0,2026-07-04 20:21:36.088667+00,false,2026-07-04 20:21:35.136+00,false
958,4e48f266-e823-45bf-8bfa-c86fecc36f44,1779099371085-31,false,false,1,1,0,0,0,2026-07-05 15:07:37.598759+00,false,2026-07-05 15:07:36.52+00,false
960,4e48f266-e823-45bf-8bfa-c86fecc36f44,1778849285008-2,false,false,1,1,0,0,0,2026-07-05 15:07:37.613073+00,false,2026-07-05 15:07:36.336+00,false
961,4e48f266-e823-45bf-8bfa-c86fecc36f44,1778848643496-12,false,false,1,0,1,0,1,2026-07-05 15:07:37.593702+00,false,2026-07-05 15:07:36.313+00,false
962,4e48f266-e823-45bf-8bfa-c86fecc36f44,1778852921766-19,false,false,1,1,0,0,0,2026-07-05 15:07:37.594391+00,false,2026-07-05 15:07:36.325+00,false
963,4e48f266-e823-45bf-8bfa-c86fecc36f44,1778847716464-7,false,false,1,1,0,0,0,2026-07-05 15:07:37.601535+00,false,2026-07-05 15:07:36.121+00,false
964,4e48f266-e823-45bf-8bfa-c86fecc36f44,1779099371086-60,false,false,1,1,0,0,0,2026-07-05 15:07:37.594281+00,false,2026-07-05 15:07:36.36+00,false
965,4e48f266-e823-45bf-8bfa-c86fecc36f44,1778791002997-28,false,false,1,1,0,0,0,2026-07-05 15:07:37.601643+00,false,2026-07-05 15:07:36.227+00,false
966,4e48f266-e823-45bf-8bfa-c86fecc36f44,1778847571356-50,false,false,1,1,0,0,0,2026-07-05 15:07:37.614541+00,false,2026-07-05 15:07:36.277+00,false
967,4e48f266-e823-45bf-8bfa-c86fecc36f44,1778790778767-7,false,false,1,1,0,0,0,2026-07-05 15:07:37.662135+00,false,2026-07-05 15:07:36.157+00,false
968,4e48f266-e823-45bf-8bfa-c86fecc36f44,1779096455789-38,false,false,1,1,0,0,0,2026-07-05 15:07:37.665745+00,false,2026-07-05 15:07:36.301+00,false
971,4e48f266-e823-45bf-8bfa-c86fecc36f44,1778847716464-11,false,false,1,1,0,0,0,2026-07-05 15:07:37.671939+00,false,2026-07-05 15:07:36.179+00,false
972,4e48f266-e823-45bf-8bfa-c86fecc36f44,1779096455790-68,false,false,2,2,0,0,0,2026-07-05 15:07:37.671748+00,false,2026-07-09 09:39:44.007+00,false
973,4e48f266-e823-45bf-8bfa-c86fecc36f44,1778965483165-2,false,false,1,1,0,0,0,2026-07-05 15:07:37.680369+00,false,2026-07-05 15:07:36.481+00,false
974,4e48f266-e823-45bf-8bfa-c86fecc36f44,1778848736722-3,false,false,1,1,0,0,0,2026-07-05 15:07:37.671859+00,false,2026-07-05 15:07:36.216+00,false
976,4e48f266-e823-45bf-8bfa-c86fecc36f44,1778848949964-5,false,false,1,1,0,0,0,2026-07-05 15:07:37.671477+00,false,2026-07-05 15:07:36.071+00,false
977,4e48f266-e823-45bf-8bfa-c86fecc36f44,1778790778767-14,false,false,2,2,0,0,0,2026-07-05 15:07:37.686364+00,false,2026-07-09 09:39:44.058+00,false
978,4e48f266-e823-45bf-8bfa-c86fecc36f44,1778838531792-24,false,false,1,1,0,0,0,2026-07-05 15:07:37.685414+00,false,2026-07-05 15:07:36.099+00,false
980,4e48f266-e823-45bf-8bfa-c86fecc36f44,1778837350936-13,false,false,1,0,1,0,1,2026-07-05 15:07:37.692096+00,false,2026-07-05 15:07:36.289+00,false
982,4e48f266-e823-45bf-8bfa-c86fecc36f44,1778850668339-26,false,false,1,1,0,0,0,2026-07-05 15:07:37.696619+00,false,2026-07-05 15:07:36.444+00,false
983,4e48f266-e823-45bf-8bfa-c86fecc36f44,1778847716464-9,false,false,1,1,0,0,0,2026-07-05 15:07:37.694974+00,false,2026-07-05 15:07:36.407+00,false
986,4e48f266-e823-45bf-8bfa-c86fecc36f44,1778850920941-26,false,false,1,1,0,0,0,2026-07-05 15:07:37.724456+00,false,2026-07-05 15:07:36.087+00,false
987,4e48f266-e823-45bf-8bfa-c86fecc36f44,1778790958764-1,false,false,1,1,0,0,0,2026-07-05 15:07:37.700993+00,false,2026-07-05 15:07:36.372+00,false
988,4e48f266-e823-45bf-8bfa-c86fecc36f44,1778790778767-2,false,false,1,1,0,0,0,2026-07-05 15:07:37.727258+00,false,2026-07-05 15:07:36.42+00,false
990,4e48f266-e823-45bf-8bfa-c86fecc36f44,1778849279714-4,false,false,1,1,0,0,0,2026-07-05 15:07:37.728528+00,false,2026-07-05 15:07:36.204+00,false
991,4e48f266-e823-45bf-8bfa-c86fecc36f44,1778839295002-16,false,false,2,2,0,0,0,2026-07-05 15:07:37.727884+00,false,2026-07-07 14:46:08.639+00,false
993,4e48f266-e823-45bf-8bfa-c86fecc36f44,1779099371086-79,false,false,1,1,0,0,0,2026-07-05 15:07:37.732859+00,false,2026-07-05 15:07:36.384+00,false
995,4e48f266-e823-45bf-8bfa-c86fecc36f44,1778850180814-30,false,false,1,1,0,0,0,2026-07-05 15:07:37.671205+00,false,2026-07-05 15:07:36.468+00,false
996,4e48f266-e823-45bf-8bfa-c86fecc36f44,1779023235907-13,false,false,1,1,0,0,0,2026-07-05 15:07:37.736453+00,false,2026-07-05 15:07:36.507+00,false
997,4e48f266-e823-45bf-8bfa-c86fecc36f44,1779024543279-18,false,false,1,1,0,0,0,2026-07-07 14:46:09.720518+00,false,2026-07-07 14:46:08.575+00,false
1001,4e48f266-e823-45bf-8bfa-c86fecc36f44,1779023235907-16,false,false,1,1,0,0,0,2026-07-07 14:46:09.739198+00,false,2026-07-07 14:46:08.439+00,false
1002,4e48f266-e823-45bf-8bfa-c86fecc36f44,1779114515772-29,false,false,2,2,0,0,0,2026-07-07 14:46:09.718804+00,false,2026-07-12 14:19:16.349+00,false
1004,4e48f266-e823-45bf-8bfa-c86fecc36f44,1778963702251-3,false,false,1,1,0,0,0,2026-07-07 14:46:09.718646+00,false,2026-07-07 14:46:08.484+00,false
1009,4e48f266-e823-45bf-8bfa-c86fecc36f44,1779023235908-62,false,false,2,2,0,0,0,2026-07-07 14:46:09.837707+00,false,2026-07-12 14:19:16.387+00,false
1010,4e48f266-e823-45bf-8bfa-c86fecc36f44,1778790772379-1,false,false,1,1,0,0,0,2026-07-07 14:46:09.836605+00,false,2026-07-07 14:46:08.6+00,false
1011,4e48f266-e823-45bf-8bfa-c86fecc36f44,1778847716464-19,false,false,1,1,0,0,0,2026-07-07 14:46:09.845161+00,false,2026-07-07 14:46:08.628+00,false
1012,4e48f266-e823-45bf-8bfa-c86fecc36f44,1778850513017-2,false,false,1,1,0,0,0,2026-07-07 14:46:09.844811+00,false,2026-07-07 14:46:08.423+00,false
1013,4e48f266-e823-45bf-8bfa-c86fecc36f44,1778850930619-7,false,false,1,1,0,0,0,2026-07-07 14:46:09.854995+00,false,2026-07-07 14:46:08.478+00,false
1014,4e48f266-e823-45bf-8bfa-c86fecc36f44,1779095978012-22,false,false,1,1,0,0,0,2026-07-07 14:46:09.858046+00,false,2026-07-07 14:46:08.465+00,false
1015,4e48f266-e823-45bf-8bfa-c86fecc36f44,1778850305252-9,false,false,1,1,0,0,0,2026-07-07 14:46:09.874914+00,false,2026-07-07 14:46:08.507+00,false
1016,4e48f266-e823-45bf-8bfa-c86fecc36f44,1779020921743-3,false,false,1,1,0,0,0,2026-07-07 14:46:09.876859+00,false,2026-07-07 14:46:08.431+00,false
1017,4e48f266-e823-45bf-8bfa-c86fecc36f44,1778849659981-3,false,false,1,1,0,0,0,2026-07-07 14:46:09.877359+00,false,2026-07-07 14:46:08.453+00,false
1018,4e48f266-e823-45bf-8bfa-c86fecc36f44,1778786095045-3,false,false,1,1,0,0,0,2026-07-07 14:46:09.880468+00,false,2026-07-07 14:46:08.542+00,false
1019,4e48f266-e823-45bf-8bfa-c86fecc36f44,1778839295003-47,false,false,1,1,0,0,0,2026-07-07 14:46:09.877106+00,false,2026-07-07 14:46:08.559+00,false
1020,4e48f266-e823-45bf-8bfa-c86fecc36f44,1778850920941-2,false,false,1,1,0,0,0,2026-07-07 14:46:09.877606+00,false,2026-07-07 14:46:08.495+00,false
1021,4e48f266-e823-45bf-8bfa-c86fecc36f44,1779099371086-74,false,false,1,0,1,0,1,2026-07-07 14:46:09.877324+00,false,2026-07-07 14:46:08.547+00,false
1024,4e48f266-e823-45bf-8bfa-c86fecc36f44,1778838531792-5,false,false,1,1,0,0,0,2026-07-07 14:46:09.888228+00,false,2026-07-07 14:46:08.581+00,false
1025,4e48f266-e823-45bf-8bfa-c86fecc36f44,1778965316878-9,false,false,1,1,0,0,0,2026-07-07 14:46:09.888321+00,false,2026-07-07 14:46:08.553+00,false
1026,4e48f266-e823-45bf-8bfa-c86fecc36f44,1779021155600-7,false,false,1,1,0,0,0,2026-07-07 14:46:09.888168+00,false,2026-07-07 14:46:08.472+00,false
1027,4e48f266-e823-45bf-8bfa-c86fecc36f44,1779023235908-37,false,false,1,1,0,0,0,2026-07-07 14:46:09.900196+00,false,2026-07-07 14:46:08.595+00,false
1028,4e48f266-e823-45bf-8bfa-c86fecc36f44,1778790466084-33,false,false,1,1,0,0,0,2026-07-07 14:46:09.896345+00,false,2026-07-07 14:46:08.513+00,false
1029,4e48f266-e823-45bf-8bfa-c86fecc36f44,1779109290756-10,false,false,1,1,0,0,0,2026-07-07 14:46:09.895536+00,false,2026-07-07 14:46:08.57+00,false
1031,4e48f266-e823-45bf-8bfa-c86fecc36f44,1779099371085-15,false,false,1,1,0,0,0,2026-07-07 14:46:09.895701+00,false,2026-07-07 14:46:08.501+00,false
1032,4e48f266-e823-45bf-8bfa-c86fecc36f44,1778850503281-12,false,false,1,1,0,0,0,2026-07-07 14:46:09.922271+00,false,2026-07-07 14:46:08.611+00,false
1033,4e48f266-e823-45bf-8bfa-c86fecc36f44,1778848643496-11,false,false,1,1,0,0,0,2026-07-07 14:46:09.922442+00,false,2026-07-07 14:46:08.392+00,false
1034,4e48f266-e823-45bf-8bfa-c86fecc36f44,1779114523970-8,false,false,1,1,0,0,0,2026-07-07 14:46:09.922716+00,false,2026-07-07 14:46:08.564+00,false
1035,4e48f266-e823-45bf-8bfa-c86fecc36f44,1778851080839-5,false,false,1,1,0,0,0,2026-07-07 14:46:09.922625+00,false,2026-07-07 14:46:08.489+00,false
1036,4e48f266-e823-45bf-8bfa-c86fecc36f44,1778847571354-11,false,false,1,1,0,0,0,2026-07-07 14:46:09.922347+00,false,2026-07-07 14:46:08.617+00,false
1037,4e48f266-e823-45bf-8bfa-c86fecc36f44,1778792120837-32,false,false,0,0,0,0,0,2026-07-08 08:42:35.137104+00,false,,true
1038,4e48f266-e823-45bf-8bfa-c86fecc36f44,1778792120837-27,false,false,0,0,0,0,0,2026-07-08 12:50:14.6281+00,false,,true
1039,4e48f266-e823-45bf-8bfa-c86fecc36f44,1778792120837-31,false,false,1,0,1,0,1,2026-07-08 16:12:47.285262+00,false,2026-07-09 09:39:44.12+00,true
1041,4e48f266-e823-45bf-8bfa-c86fecc36f44,1779027017010-30,false,false,1,1,0,0,0,2026-07-09 09:39:44.477054+00,false,2026-07-09 09:39:43.967+00,false
1043,4e48f266-e823-45bf-8bfa-c86fecc36f44,1779023235908-57,false,false,1,1,0,0,0,2026-07-09 09:39:44.526199+00,false,2026-07-09 09:39:44.024+00,false
1044,4e48f266-e823-45bf-8bfa-c86fecc36f44,1779023235908-76,false,false,1,1,0,0,0,2026-07-09 09:39:44.51557+00,false,2026-07-09 09:39:43.981+00,false
1045,4e48f266-e823-45bf-8bfa-c86fecc36f44,1779109290756-4,false,false,1,1,0,0,0,2026-07-09 09:39:44.544347+00,false,2026-07-09 09:39:43.988+00,false
1046,4e48f266-e823-45bf-8bfa-c86fecc36f44,1778790778767-9,false,false,1,1,0,0,0,2026-07-09 09:39:44.559771+00,false,2026-07-09 09:39:44.001+00,false
1047,4e48f266-e823-45bf-8bfa-c86fecc36f44,1779099371085-6,false,false,1,1,0,0,0,2026-07-09 09:39:44.573495+00,false,2026-07-09 09:39:43.942+00,false
1048,4e48f266-e823-45bf-8bfa-c86fecc36f44,1779099371086-64,false,false,1,1,0,0,0,2026-07-09 09:39:44.551801+00,false,2026-07-09 09:39:44.012+00,false
1049,4e48f266-e823-45bf-8bfa-c86fecc36f44,1779109290756-21,false,false,1,1,0,0,0,2026-07-09 09:39:44.625531+00,false,2026-07-09 09:39:44.081+00,false
1050,4e48f266-e823-45bf-8bfa-c86fecc36f44,1778850668339-32,false,false,1,1,0,0,0,2026-07-09 09:39:44.625988+00,false,2026-07-09 09:39:44.031+00,false
1052,4e48f266-e823-45bf-8bfa-c86fecc36f44,1779114515772-20,false,false,1,1,0,0,0,2026-07-09 09:39:44.62834+00,false,2026-07-09 09:39:44.076+00,false
1055,4e48f266-e823-45bf-8bfa-c86fecc36f44,1778852921766-25,false,false,1,1,0,0,0,2026-07-09 09:39:44.62754+00,false,2026-07-09 09:39:44.146+00,false
1057,4e48f266-e823-45bf-8bfa-c86fecc36f44,1778789460876-39,false,false,1,1,0,0,0,2026-07-09 09:39:44.643985+00,false,2026-07-09 09:39:43.994+00,false
1058,4e48f266-e823-45bf-8bfa-c86fecc36f44,1779022222877-3,false,false,1,1,0,0,0,2026-07-09 09:39:44.646725+00,false,2026-07-09 09:39:43.974+00,false
1060,4e48f266-e823-45bf-8bfa-c86fecc36f44,1779021729283-9,false,false,1,1,0,0,0,2026-07-09 09:39:44.683047+00,false,2026-07-09 09:39:44.042+00,false
1061,4e48f266-e823-45bf-8bfa-c86fecc36f44,1778852926456-1,false,false,2,2,0,0,0,2026-07-09 09:39:44.686781+00,false,2026-07-12 14:19:16.427+00,false
1062,4e48f266-e823-45bf-8bfa-c86fecc36f44,1778847477225-6,false,false,1,1,0,0,0,2026-07-09 09:39:44.686888+00,false,2026-07-09 09:39:44.036+00,false
1064,4e48f266-e823-45bf-8bfa-c86fecc36f44,1779098767195-3,false,false,1,1,0,0,0,2026-07-09 09:39:44.693176+00,false,2026-07-09 09:39:44.157+00,false
1066,4e48f266-e823-45bf-8bfa-c86fecc36f44,1779024543279-46,false,false,1,1,0,0,0,2026-07-09 09:39:44.691974+00,false,2026-07-09 09:39:44.018+00,false
1072,4e48f266-e823-45bf-8bfa-c86fecc36f44,1778850668339-14,false,false,1,1,0,0,0,2026-07-09 09:39:44.710476+00,false,2026-07-09 09:39:44.131+00,false
1073,4e48f266-e823-45bf-8bfa-c86fecc36f44,1779024543279-24,false,false,2,2,0,0,0,2026-07-09 09:39:44.707678+00,false,2026-07-12 14:19:16.455+00,false
1074,4e48f266-e823-45bf-8bfa-c86fecc36f44,1778847716464-20,false,false,1,1,0,0,0,2026-07-09 09:39:44.707807+00,false,2026-07-09 09:39:44.112+00,false
1075,4e48f266-e823-45bf-8bfa-c86fecc36f44,1778852921765-1,false,false,1,1,0,0,0,2026-07-09 09:39:44.691949+00,false,2026-07-09 09:39:44.125+00,false
1076,4e48f266-e823-45bf-8bfa-c86fecc36f44,1779023235907-9,false,false,1,1,0,0,0,2026-07-09 09:39:44.707656+00,false,2026-07-09 09:39:44.107+00,false
1077,4e48f266-e823-45bf-8bfa-c86fecc36f44,1778792120837-30,false,false,1,0,1,0,1,2026-07-09 09:39:44.725083+00,false,2026-07-09 09:39:44.151+00,true
1078,4e48f266-e823-45bf-8bfa-c86fecc36f44,1779096455790-49,false,false,1,1,0,0,0,2026-07-09 09:39:44.728044+00,false,2026-07-09 09:39:44.162+00,false
1079,4e48f266-e823-45bf-8bfa-c86fecc36f44,1778847473185-5,false,false,1,1,0,0,0,2026-07-09 09:39:44.731512+00,false,2026-07-09 09:39:44.18+00,false
1082,4e48f266-e823-45bf-8bfa-c86fecc36f44,1778792120837-33,false,false,0,0,0,0,0,2026-07-09 09:40:25.276997+00,false,,true
1083,4e48f266-e823-45bf-8bfa-c86fecc36f44,1778792120837-28,false,false,0,0,0,0,0,2026-07-09 09:40:25.282993+00,false,,true
1084,4e48f266-e823-45bf-8bfa-c86fecc36f44,1778792120837-29,false,false,0,0,0,0,0,2026-07-09 09:40:25.296955+00,false,,true
1089,4e48f266-e823-45bf-8bfa-c86fecc36f44,1778848839592-19,false,false,0,0,0,0,0,2026-07-10 09:10:40.578587+00,false,,false
1091,4e48f266-e823-45bf-8bfa-c86fecc36f44,1778837350936-19,false,false,0,0,0,0,0,2026-07-12 06:36:42.562219+00,true,,false
1092,4e48f266-e823-45bf-8bfa-c86fecc36f44,1778838531792-17,false,false,1,1,0,0,0,2026-07-12 14:19:17.623467+00,false,2026-07-12 14:19:16.523+00,false
1094,4e48f266-e823-45bf-8bfa-c86fecc36f44,1779096455790-62,false,false,1,0,1,0,1,2026-07-12 14:19:17.611347+00,false,2026-07-12 14:19:16.488+00,false
1096,4e48f266-e823-45bf-8bfa-c86fecc36f44,1779096455789-12,false,false,1,1,0,0,0,2026-07-12 14:19:17.639289+00,false,2026-07-12 14:19:16.46+00,false
1097,4e48f266-e823-45bf-8bfa-c86fecc36f44,1778789460876-58,false,false,1,1,0,0,0,2026-07-12 14:19:17.611145+00,false,2026-07-12 14:19:16.472+00,false
1098,4e48f266-e823-45bf-8bfa-c86fecc36f44,1778849096632-1,false,false,1,1,0,0,0,2026-07-12 14:19:17.611507+00,false,2026-07-12 14:19:16.496+00,false
1099,4e48f266-e823-45bf-8bfa-c86fecc36f44,1778965316878-13,false,false,1,1,0,0,0,2026-07-12 14:19:17.608914+00,false,2026-07-12 14:19:16.356+00,false
1100,4e48f266-e823-45bf-8bfa-c86fecc36f44,1779096455789-33,false,false,1,1,0,0,0,2026-07-12 14:19:17.644782+00,false,2026-07-12 14:19:16.416+00,false
1101,4e48f266-e823-45bf-8bfa-c86fecc36f44,1778850920942-31,false,false,1,1,0,0,0,2026-07-12 14:19:17.611009+00,false,2026-07-12 14:19:16.411+00,false
1104,4e48f266-e823-45bf-8bfa-c86fecc36f44,1779099371085-12,false,false,1,1,0,0,0,2026-07-12 14:19:17.704412+00,false,2026-07-12 14:19:16.398+00,false
1105,4e48f266-e823-45bf-8bfa-c86fecc36f44,1778789460875-3,false,false,1,1,0,0,0,2026-07-12 14:19:17.706342+00,false,2026-07-12 14:19:16.439+00,false
1106,4e48f266-e823-45bf-8bfa-c86fecc36f44,1778965625335-6,false,false,1,1,0,0,0,2026-07-12 14:19:17.706525+00,false,2026-07-12 14:19:16.328+00,false
1107,4e48f266-e823-45bf-8bfa-c86fecc36f44,1779114515772-7,false,false,1,1,0,0,0,2026-07-12 14:19:17.709148+00,false,2026-07-12 14:19:16.335+00,false
1108,4e48f266-e823-45bf-8bfa-c86fecc36f44,1778850180814-14,false,false,1,1,0,0,0,2026-07-12 14:19:17.711704+00,false,2026-07-12 14:19:16.54+00,false
1109,4e48f266-e823-45bf-8bfa-c86fecc36f44,1778963791145-4,false,false,1,1,0,0,0,2026-07-12 14:19:17.71191+00,false,2026-07-12 14:19:16.477+00,false
1110,4e48f266-e823-45bf-8bfa-c86fecc36f44,1778853432196-15,false,false,1,1,0,0,0,2026-07-12 14:19:17.720451+00,false,2026-07-12 14:19:16.343+00,false
1111,4e48f266-e823-45bf-8bfa-c86fecc36f44,1779096993824-46,false,false,1,1,0,0,0,2026-07-12 14:19:17.71181+00,false,2026-07-12 14:19:16.518+00,false
1112,4e48f266-e823-45bf-8bfa-c86fecc36f44,1779114523970-9,false,false,1,0,0,1,1,2026-07-12 14:19:17.720286+00,false,2026-07-12 14:19:16.381+00,false
1113,4e48f266-e823-45bf-8bfa-c86fecc36f44,1779095978013-59,false,false,1,1,0,0,0,2026-07-12 14:19:17.728929+00,false,2026-07-12 14:19:16.392+00,false
1115,4e48f266-e823-45bf-8bfa-c86fecc36f44,1778790778767-24,false,false,1,1,0,0,0,2026-07-12 14:19:17.72882+00,false,2026-07-12 14:19:16.432+00,false
1116,4e48f266-e823-45bf-8bfa-c86fecc36f44,1778848839593-22,false,false,1,1,0,0,0,2026-07-12 14:19:17.720165+00,false,2026-07-12 14:19:16.404+00,false
1117,4e48f266-e823-45bf-8bfa-c86fecc36f44,1778965483165-4,false,false,1,1,0,0,0,2026-07-12 14:19:17.732508+00,false,2026-07-12 14:19:16.444+00,false
1118,4e48f266-e823-45bf-8bfa-c86fecc36f44,1779114515772-27,false,false,1,1,0,0,0,2026-07-12 14:19:17.732401+00,false,2026-07-12 14:19:16.507+00,false
1119,4e48f266-e823-45bf-8bfa-c86fecc36f44,1778790458592-6,false,false,1,1,0,0,0,2026-07-12 14:19:17.737585+00,false,2026-07-12 14:19:16.374+00,false
1120,4e48f266-e823-45bf-8bfa-c86fecc36f44,1778789460875-18,false,false,1,1,0,0,0,2026-07-12 14:19:17.732927+00,false,2026-07-12 14:19:16.45+00,false
1124,4e48f266-e823-45bf-8bfa-c86fecc36f44,1778847561561-3,false,false,1,1,0,0,0,2026-07-12 14:19:17.743363+00,false,2026-07-12 14:19:16.501+00,false
1126,4e48f266-e823-45bf-8bfa-c86fecc36f44,1779023235908-64,false,false,1,1,0,0,0,2026-07-12 14:19:17.741752+00,false,2026-07-12 14:19:16.534+00,false
1127,4e48f266-e823-45bf-8bfa-c86fecc36f44,1778853432196-13,false,false,1,1,0,0,0,2026-07-12 14:19:17.765799+00,false,2026-07-12 14:19:16.512+00,false
1128,4e48f266-e823-45bf-8bfa-c86fecc36f44,1778850920942-32,false,false,1,0,0,1,1,2026-07-12 14:19:17.766587+00,false,2026-07-12 14:19:16.529+00,false
1129,4e48f266-e823-45bf-8bfa-c86fecc36f44,1779099371086-83,false,false,1,1,0,0,0,2026-07-12 14:19:17.766429+00,false,2026-07-12 14:19:16.545+00,false
1130,4e48f266-e823-45bf-8bfa-c86fecc36f44,1778850180814-17,false,false,1,1,0,0,0,2026-07-12 14:19:17.767217+00,false,2026-07-12 14:19:16.483+00,false
1131,4e48f266-e823-45bf-8bfa-c86fecc36f44,1778850503281-32,false,false,1,1,0,0,0,2026-07-12 14:19:17.766813+00,false,2026-07-12 14:19:16.362+00,false